{"stats":{"minecraft:custom":{"minecraft:jump":40,"minecraft:time_since_rest":12014,"minecraft:crouch_one_cm":123,"minecraft:leave_game":1,"minecraft:sprint_one_cm":17276,"minecraft:play_time":12014,"minecraft:time_since_death":12014,"minecraft:walk_one_cm":22179,"minecraft:climb_one_cm":242,"minecraft:sneak_time":22,"minecraft:total_world_time":12014,"minecraft:fall_one_cm":836,"minecraft:fly_one_cm":8332,"minecraft:open_chest":1},"minecraft:picked_up":{"minecraft:bread":5,"minecraft:golden_chestplate":1},"minecraft:used":{"minecraft:bread":1,"minecraft:golden_chestplate":1},"minecraft:mined":{"minecraft:grass":1}},"DataVersion":3465}