{"stats":{"minecraft:killed_by":{"minecraft:creeper":1,"man:managgresive":2,"minecraft:zombie":1,"minecraft:husk":3,"minecraft:skeleton":1},"minecraft:custom":{"minecraft:animals_bred":4,"minecraft:interact_with_crafting_table":86,"minecraft:open_barrel":7,"minecraft:eat_cake_slice":6,"minecraft:leave_game":6,"minecraft:time_since_death":115205,"minecraft:sprint_one_cm":1518565,"minecraft:damage_blocked_by_shield":450,"minecraft:drop":163,"minecraft:play_time":500742,"minecraft:deaths":8,"minecraft:jump":7287,"minecraft:walk_on_water_one_cm":29747,"minecraft:interact_with_furnace":132,"minecraft:sleep_in_bed":14,"tombstone:sneak_grave":4,"minecraft:damage_dealt":18114,"minecraft:crouch_one_cm":51187,"tombstone:undead_killed":38,"minecraft:interact_with_smoker":6,"minecraft:horse_one_cm":1320,"minecraft:mob_kills":102,"minecraft:climb_one_cm":18241,"minecraft:walk_one_cm":1576738,"minecraft:sneak_time":18898,"minecraft:walk_under_water_one_cm":22748,"minecraft:boat_one_cm":344993,"minecraft:interact_with_blast_furnace":7,"minecraft:total_world_time":500742,"tombstone:raider_killed":7,"minecraft:raid_trigger":1,"minecraft:interact_with_grindstone":1,"minecraft:time_since_rest":53280,"minecraft:damage_taken":8528,"minecraft:swim_one_cm":55950,"minecraft:fly_one_cm":1232484,"minecraft:open_chest":263,"minecraft:fall_one_cm":166511},"minecraft:mined":{"minecraft:spruce_planks":6,"minecraft:white_bed":6,"good_nights_sleep:rainbow_berries":7,"minecraft:red_nether_bricks":1,"minecraft:obsidian":7,"minecraft:grass_block":60,"minecraft:mossy_cobblestone_slab":1,"minecraft:fire":2,"minecraft:iron_ore":10,"minecraft:cobbled_deepslate":4,"minecraft:deepslate_lapis_ore":7,"minecraft:azure_bluet":17,"minecraft:nether_brick_stairs":2,"minecraft:enchanting_table":1,"minecraft:flowering_azalea_leaves":1,"minecraft:pink_tulip":2,"minecraft:stripped_mangrove_wood":3,"minecraft:deepslate_redstone_ore":5,"minecraft:brown_mushroom":9,"minecraft:soul_lantern":1,"minecraft:clay":2,"minecraft:torch":5,"minecraft:dark_oak_wood":9,"minecraft:calcite":25,"minecraft:poppy":4,"minecraft:chest":2,"minecraft:nether_quartz_ore":7,"minecraft:cobblestone":241,"minecraft:wall_torch":16,"minecraft:birch_sapling":1,"minecraft:skeleton_skull":2,"minecraft:warped_nylium":12,"minecraft:wheat":54,"minecraft:lilac":5,"minecraft:black_bed":1,"minecraft:warped_fungus":4,"minecraft:stone_brick_stairs":1,"minecraft:grass":252,"minecraft:oak_log":20,"minecraft:beetroots":1,"minecraft:sand":51,"minecraft:dirt":95,"minecraft:netherrack":83,"minecraft:oak_leaves":2,"minecraft:deepslate":271,"minecraft:mossy_cobblestone":2,"minecraft:deepslate_diamond_ore":11,"minecraft:oak_door":2,"minecraft:allium":2,"minecraft:spruce_fence":3,"minecraft:large_fern":6,"minecraft:hay_block":9,"minecraft:redstone_ore":3,"minecraft:furnace":8,"minecraft:carrots":9,"minecraft:nether_sprouts":3,"good_nights_sleep:hope_mushroom":2,"minecraft:acacia_wood":11,"minecraft:andesite":6,"minecraft:gold_block":1,"minecraft:potatoes":9,"minecraft:deepslate_iron_ore":31,"minecraft:lantern":5,"perfectplushies:sirjain_plushie":3,"minecraft:stone":372,"minecraft:bone_block":1,"minecraft:white_wool":2,"minecraft:potted_allium":1,"minecraft:podzol":5,"minecraft:scaffolding":1,"minecraft:dandelion":14,"minecraft:polished_granite":4,"minecraft:oak_fence":5,"minecraft:crafting_table":8,"minecraft:oak_wood":5,"minecraft:warped_roots":1,"minecraft:tall_grass":27,"minecraft:copper_ore":3,"minecraft:deepslate_coal_ore":3,"minecraft:lapis_ore":5,"minecraft:diorite":3,"minecraft:warped_wart_block":2,"minecraft:coarse_dirt":2,"minecraft:white_carpet":2,"minecraft:coal_ore":50,"minecraft:zombie_head":3,"minecraft:gravel":28,"minecraft:cracked_stone_bricks":1,"minecraft:stone_bricks":1,"minecraft:mossy_stone_bricks":1,"minecraft:fern":2},"minecraft:crafted":{"minecraft:oak_planks":192,"minecraft:smooth_stone":1,"minecraft:pink_bed":1,"minecraft:stone":3,"minecraft:cooked_mutton":3,"minecraft:glass":12,"simpleplanes:large_plane":1,"minecraft:chest":9,"minecraft:stone_hoe":1,"minecraft:oak_fence":24,"minecraft:cooked_porkchop":40,"minecraft:diamond_axe":1,"minecraft:crafting_table":7,"minecraft:wooden_pickaxe":1,"minecraft:baked_potato":18,"travelersbackpack:standard":1,"minecraft:gold_block":2,"minecraft:diamond_pickaxe":1,"minecraft:yellow_dye":1,"minecraft:stick":76,"minecraft:iron_ingot":44,"minecraft:iron_pickaxe":4,"minecraft:stone_sword":1,"minecraft:gold_ingot":9,"minecraft:oak_door":6,"simpleplanes:plane_workbench":1,"minecraft:furnace":3,"mca:bouquet":2,"minecraft:yellow_bed":1,"minecraft:bone_meal":18,"minecraft:pink_dye":1,"minecraft:white_carpet":3,"minecraft:flint_and_steel":1,"travelersbackpack:white_sleeping_bag":1,"minecraft:iron_axe":2,"minecraft:stone_pickaxe":2,"simpleplanes:propeller":3,"minecraft:wheat":27,"minecraft:cooked_beef":20,"minecraft:diamond_sword":1,"travelersbackpack:backpack_tank":2,"minecraft:bucket":1,"minecraft:stone_axe":1,"minecraft:bread":34,"minecraft:air":0,"minecraft:oak_boat":2,"minecraft:white_wool":7,"minecraft:iron_shovel":1,"minecraft:iron_leggings":1,"minecraft:white_bed":2,"minecraft:acacia_planks":20,"minecraft:torch":104},"minecraft:used":{"minecraft:iron_shovel":2,"minecraft:chest":10,"minecraft:shield":7,"minecraft:iron_sword":121,"minecraft:mutton":2,"minecraft:carrot":77,"minecraft:obsidian":10,"minecraft:lava_bucket":8,"minecraft:grass_block":1,"minecraft:birch_sapling":1,"minecraft:scaffolding":1,"minecraft:furnace":12,"minecraft:beetroot_seeds":7,"minecraft:egg":12,"minecraft:potato":9,"minecraft:mossy_stone_bricks":1,"minecraft:diorite":1,"minecraft:stone_pickaxe":129,"minecraft:wooden_pickaxe":29,"minecraft:diamond_axe":21,"minecraft:white_wool":5,"minecraft:bread":10,"minecraft:polished_granite":4,"minecraft:gravel":20,"minecraft:lilac":3,"simpleplanes:plane_workbench":1,"simpleplanes:large_plane":4,"minecraft:diamond_sword":196,"minecraft:oak_boat":3,"minecraft:bone_meal":18,"good_nights_sleep:rainbow_seeds":23,"minecraft:oak_fence":21,"minecraft:enchanting_table":1,"minecraft:stone_sword":103,"minecraft:flint_and_steel":1,"minecraft:stone_hoe":27,"graveyard:oak_coffin":1,"minecraft:oak_door":9,"minecraft:torch":126,"minecraft:dirt":225,"minecraft:white_carpet":5,"minecraft:spruce_fence":3,"minecraft:nether_brick_stairs":1,"minecraft:iron_axe":5,"minecraft:acacia_wood":3,"tombstone:gift":6,"minecraft:cooked_beef":6,"minecraft:cobbled_deepslate":3,"minecraft:pointed_dripstone":1,"minecraft:calcite":20,"minecraft:wheat_seeds":59,"minecraft:cooked_mutton":9,"minecraft:water_bucket":18,"minecraft:pink_tulip":1,"minecraft:baked_potato":11,"minecraft:spruce_sign":2,"good_nights_sleep:rainbow_berries":11,"minecraft:cracked_stone_bricks":1,"minecraft:crafting_table":14,"minecraft:white_bed":7,"good_nights_sleep:hope_mushroom":1,"minecraft:flower_pot":1,"minecraft:diamond_pickaxe":348,"minecraft:iron_pickaxe":739,"tombstone:magic_scroll":1,"perfectplushies:sirjain_plushie":3,"minecraft:stone_axe":52,"minecraft:pink_bed":1,"minecraft:cobblestone":1208,"travelersbackpack:standard":36,"minecraft:cooked_porkchop":30,"minecraft:bucket":27,"minecraft:pumpkin_pie":4,"minecraft:yellow_bed":1,"alexsmobs:animal_dictionary":4},"minecraft:picked_up":{"minecraft:iron_chestplate":1,"minecraft:wheat":55,"minecraft:flower_pot":1,"minecraft:enchanted_book":1,"minecraft:stone_brick_stairs":1,"minecraft:music_disc_cat":2,"minecraft:string":50,"minecraft:armor_stand":2,"minecraft:iron_leggings":2,"minecraft:zombie_head":6,"alexsmobs:dropbear_claw":1,"minecraft:diamond_leggings":1,"minecraft:cobbled_deepslate":254,"minecraft:gold_nugget":1,"minecraft:smooth_stone":1,"minecraft:spruce_planks":6,"minecraft:calcite":22,"minecraft:furnace":9,"minecraft:iron_boots":1,"minecraft:oak_fence":5,"minecraft:torch":22,"minecraft:porkchop":16,"tombstone:grave_dust":15,"minecraft:pointed_dripstone":1,"minecraft:diorite":2,"minecraft:quartz_block":1,"minecraft:rotten_flesh":28,"minecraft:obsidian":7,"minecraft:cobblestone":942,"minecraft:enchanting_table":1,"minecraft:lilac":5,"minecraft:feather":1,"minecraft:cooked_beef":3,"minecraft:water_bucket":1,"minecraft:andesite":4,"minecraft:black_bed":1,"minecraft:golden_leggings":1,"minecraft:potato":30,"alexsmobs:bison_fur":2,"minecraft:flint":3,"minecraft:dirt":275,"minecraft:lapis_lazuli":60,"minecraft:lantern":6,"minecraft:polished_granite":4,"minecraft:bone":20,"minecraft:bow":2,"minecraft:wheat_seeds":193,"minecraft:mossy_stone_bricks":1,"minecraft:diamond_helmet":1,"minecraft:oak_planks":30,"simpleplanes:plane":1,"minecraft:cooked_porkchop":6,"minecraft:sand":40,"minecraft:nether_brick_stairs":3,"minecraft:grass_block":1,"graveyard:oak_coffin":1,"travelersbackpack:white_sleeping_bag":1,"minecraft:bundle":2,"minecraft:diamond":21,"minecraft:soul_lantern":1,"simpleplanes:large_plane":2,"minecraft:grass":2,"minecraft:golden_apple":1,"minecraft:spruce_sign":2,"minecraft:bread":2,"good_nights_sleep:rainbow_seeds":25,"minecraft:netherrack":82,"mca:bouquet":1,"minecraft:coarse_dirt":2,"minecraft:crafting_table":8,"minecraft:allium":2,"minecraft:clay_ball":8,"minecraft:azure_bluet":22,"minecraft:chicken":1,"minecraft:ladder":1,"simpleplanes:propeller":1,"good_nights_sleep:rainbow_berries":11,"minecraft:brown_mushroom":7,"minecraft:gold_block":1,"minecraft:shield":1,"minecraft:white_carpet":3,"minecraft:cracked_stone_bricks":1,"minecraft:beef":20,"minecraft:oak_boat":1,"minecraft:poppy":4,"minecraft:chest":2,"minecraft:birch_sapling":1,"minecraft:egg":12,"minecraft:raw_iron":35,"minecraft:oak_door":3,"perfectplushies:sirjain_plushie":3,"minecraft:spruce_fence":3,"minecraft:carrot":37,"minecraft:redstone":35,"minecraft:prismarine_crystals":4,"minecraft:arrow":14,"minecraft:diamond_chestplate":1,"minecraft:beetroot_seeds":1,"good_nights_sleep:hope_mushroom":2,"minecraft:pumpkin_pie":1,"minecraft:diamond_boots":1,"minecraft:hay_block":15,"minecraft:pink_tulip":2,"minecraft:mutton":15,"minecraft:skeleton_skull":2,"minecraft:white_wool":15,"minecraft:leather":5,"minecraft:acacia_wood":8,"minecraft:oak_log":30,"minecraft:gunpowder":2,"tombstone:gift":2,"minecraft:white_banner":1,"minecraft:cooked_mutton":7,"minecraft:iron_ingot":31,"minecraft:stone_pickaxe":2,"minecraft:cobweb":12,"minecraft:stripped_oak_wood":1,"minecraft:scaffolding":1,"minecraft:warped_fungus":5,"minecraft:sweet_berries":3,"minecraft:quartz":7,"minecraft:dandelion":19,"minecraft:gravel":51,"minecraft:white_bed":7,"minecraft:spider_eye":7,"minecraft:oak_wood":26,"minecraft:iron_helmet":3,"minecraft:warped_roots":1,"minecraft:baked_potato":4,"minecraft:black_wool":3,"minecraft:dark_oak_wood":3,"minecraft:coal":66,"minecraft:ender_pearl":2},"minecraft:broken":{"minecraft:stone_pickaxe":1,"minecraft:iron_pickaxe":2},"minecraft:killed":{"minecraft:zombified_piglin":1,"minecraft:spider":16,"minecraft:skeleton":17,"minecraft:chicken":1,"minecraft:piglin":1,"minecraft:pig":8,"alexsmobs:grizzly_bear":2,"minecraft:creeper":1,"alexsmobs:crimson_mosquito":2,"minecraft:sheep":13,"minecraft:pillager":7,"minecraft:zombie":17,"alexsmobs:terrapin":1,"minecraft:cow":4,"alexsmobs:dropbear":1,"alexsmobs:raccoon":1,"alexsmobs:seagull":2,"alexsmobs:bison":1,"minecraft:husk":3,"minecraft:enderman":2},"minecraft:dropped":{"minecraft:nether_brick_stairs":1,"minecraft:oak_log":11,"minecraft:baked_potato":11,"minecraft:cooked_porkchop":4,"mca:bouquet":1,"minecraft:crossbow":1,"minecraft:warped_roots":1,"minecraft:black_bed":1,"minecraft:flint":1,"minecraft:dirt":8,"minecraft:dark_oak_wood":3,"minecraft:mutton":1,"minecraft:gold_nugget":3,"minecraft:iron_pickaxe":1,"minecraft:white_wool":2,"minecraft:bone":8,"minecraft:gravel":8,"simpleplanes:propeller":2,"minecraft:stone_axe":1,"minecraft:cobbled_deepslate":2,"minecraft:oak_planks":22,"minecraft:cooked_mutton":2,"minecraft:carrot":2,"minecraft:skeleton_skull":1,"minecraft:oak_wood":3,"minecraft:arrow":10,"minecraft:beef":6,"minecraft:stone_brick_stairs":1,"minecraft:water_bucket":1,"minecraft:iron_ingot":11,"minecraft:wheat_seeds":47,"minecraft:iron_helmet":3,"minecraft:cobblestone":54,"minecraft:coal":19,"minecraft:stick":2,"minecraft:cobweb":3,"alexsmobs:dropbear_claw":1,"minecraft:zombie_head":4,"tombstone:grave_dust":7,"minecraft:iron_leggings":2,"minecraft:smooth_stone":1,"minecraft:string":37,"minecraft:music_disc_cat":1,"minecraft:furnace":1,"minecraft:clay_ball":8,"minecraft:iron_boots":2,"minecraft:potato":7,"minecraft:bundle":2,"minecraft:spruce_planks":6,"minecraft:iron_chestplate":2,"minecraft:andesite":1,"minecraft:golden_leggings":1,"minecraft:spider_eye":1,"minecraft:stone_pickaxe":2,"minecraft:wooden_pickaxe":1,"minecraft:calcite":2,"minecraft:black_wool":1}},"DataVersion":3465}