{"stats":{"minecraft:killed_by":{"minecraft:husk":2,"man:managgresive":1,"minecraft:skeleton":1},"minecraft:custom":{"minecraft:interact_with_furnace":12,"minecraft:mob_kills":18,"minecraft:interact_with_crafting_table":4,"minecraft:open_barrel":2,"minecraft:eat_cake_slice":6,"minecraft:leave_game":2,"minecraft:time_since_death":320,"minecraft:sleep_in_bed":3,"minecraft:climb_one_cm":4132,"minecraft:time_since_rest":1,"minecraft:sprint_one_cm":197981,"minecraft:damage_taken":1826,"minecraft:walk_one_cm":183499,"minecraft:drop":9,"minecraft:damage_dealt":2287,"minecraft:swim_one_cm":3323,"minecraft:fly_one_cm":143796,"minecraft:open_chest":8,"minecraft:crouch_one_cm":7454,"minecraft:play_time":51230,"tombstone:undead_killed":4,"minecraft:deaths":4,"minecraft:sneak_time":3209,"minecraft:walk_under_water_one_cm":720,"minecraft:jump":688,"minecraft:walk_on_water_one_cm":4567,"minecraft:total_world_time":51230,"minecraft:interact_with_smoker":6,"minecraft:fall_one_cm":23127},"minecraft:mined":{"minecraft:clay":2,"minecraft:crafting_table":3,"minecraft:calcite":19,"minecraft:tall_grass":5,"minecraft:diorite":2,"minecraft:skeleton_skull":2,"minecraft:large_fern":4,"minecraft:hay_block":6,"minecraft:nether_brick_stairs":2,"minecraft:grass":27,"minecraft:coal_ore":7,"minecraft:oak_log":3,"minecraft:flowering_azalea_leaves":1,"minecraft:gravel":1,"minecraft:dirt":3,"minecraft:stripped_mangrove_wood":2,"minecraft:stone":9,"minecraft:white_wool":2},"minecraft:dropped":{"minecraft:nether_brick_stairs":1,"minecraft:wheat_seeds":2,"minecraft:iron_helmet":1,"minecraft:clay_ball":8,"minecraft:iron_boots":1,"minecraft:skeleton_skull":1,"minecraft:iron_chestplate":1,"minecraft:iron_leggings":1,"minecraft:string":1},"minecraft:crafted":{"minecraft:cooked_beef":3,"minecraft:oak_planks":12,"minecraft:crafting_table":1,"minecraft:wooden_pickaxe":1,"minecraft:stone_axe":1,"minecraft:cooked_mutton":3,"minecraft:air":0,"minecraft:stick":8,"minecraft:stone_pickaxe":1,"minecraft:stone_sword":1,"minecraft:torch":4},"minecraft:killed":{"minecraft:pig":4,"minecraft:spider":1,"minecraft:sheep":4,"minecraft:skeleton":3,"minecraft:zombie":1,"minecraft:chicken":1,"minecraft:cow":4},"minecraft:picked_up":{"minecraft:crafting_table":3,"minecraft:iron_chestplate":1,"minecraft:ladder":1,"minecraft:feather":1,"minecraft:cooked_beef":3,"minecraft:chicken":1,"minecraft:clay_ball":8,"minecraft:leather":5,"minecraft:golden_leggings":1,"minecraft:oak_log":3,"minecraft:string":1,"minecraft:dirt":3,"minecraft:iron_leggings":1,"minecraft:armor_stand":2,"minecraft:bow":1,"minecraft:wheat_seeds":2,"minecraft:beef":6,"minecraft:stone_pickaxe":1,"minecraft:calcite":15,"minecraft:iron_boots":1,"minecraft:gravel":1,"minecraft:porkchop":6,"minecraft:nether_brick_stairs":3,"minecraft:diorite":1,"minecraft:spider_eye":1,"minecraft:rotten_flesh":6,"minecraft:iron_helmet":1,"minecraft:hay_block":6,"minecraft:golden_apple":1,"minecraft:bread":2,"minecraft:mutton":5,"minecraft:coal":7,"minecraft:skeleton_skull":2,"minecraft:white_wool":5,"minecraft:cobblestone":8},"minecraft:used":{"minecraft:calcite":10,"minecraft:cooked_mutton":3,"minecraft:diorite":1,"minecraft:stone_sword":39,"minecraft:stone_pickaxe":30,"minecraft:wooden_pickaxe":28,"minecraft:white_wool":5,"minecraft:torch":1,"minecraft:dirt":2,"minecraft:crafting_table":3,"minecraft:nether_brick_stairs":1,"minecraft:bread":6,"minecraft:gravel":1,"minecraft:stone_axe":18,"tombstone:gift":1,"alexsmobs:animal_dictionary":1}},"DataVersion":3465}