{"stats":{"minecraft:custom":{"minecraft:mob_kills":72,"minecraft:interact_with_crafting_table":70,"minecraft:open_barrel":7,"minecraft:eat_cake_slice":6,"minecraft:leave_game":5,"minecraft:time_since_death":66322,"minecraft:climb_one_cm":11575,"minecraft:sprint_one_cm":842148,"minecraft:walk_one_cm":822010,"minecraft:damage_blocked_by_shield":450,"minecraft:drop":109,"minecraft:play_time":298207,"minecraft:sneak_time":9848,"minecraft:deaths":6,"minecraft:walk_under_water_one_cm":10066,"minecraft:boat_one_cm":301825,"minecraft:jump":4865,"minecraft:interact_with_blast_furnace":7,"minecraft:walk_on_water_one_cm":16343,"minecraft:total_world_time":298207,"minecraft:interact_with_furnace":109,"tombstone:raider_killed":7,"minecraft:raid_trigger":1,"minecraft:sleep_in_bed":7,"minecraft:time_since_rest":20051,"minecraft:damage_taken":5293,"tombstone:sneak_grave":4,"minecraft:damage_dealt":11358,"minecraft:swim_one_cm":40314,"minecraft:fly_one_cm":848413,"minecraft:crouch_one_cm":22208,"minecraft:open_chest":125,"tombstone:undead_killed":21,"minecraft:interact_with_smoker":6,"minecraft:fall_one_cm":116074},"minecraft:killed_by":{"minecraft:husk":3,"man:managgresive":1,"minecraft:skeleton":1,"minecraft:zombie":1},"minecraft:mined":{"minecraft:spruce_planks":6,"minecraft:mossy_cobblestone":2,"minecraft:deepslate_diamond_ore":11,"minecraft:red_nether_bricks":1,"minecraft:obsidian":6,"minecraft:allium":1,"minecraft:grass_block":42,"minecraft:large_fern":5,"minecraft:hay_block":6,"minecraft:redstone_ore":3,"minecraft:mossy_cobblestone_slab":1,"minecraft:furnace":8,"minecraft:nether_sprouts":2,"minecraft:iron_ore":10,"minecraft:cobbled_deepslate":4,"good_nights_sleep:hope_mushroom":2,"minecraft:andesite":5,"minecraft:deepslate_lapis_ore":7,"minecraft:gold_block":1,"minecraft:nether_brick_stairs":2,"minecraft:azure_bluet":3,"minecraft:enchanting_table":1,"minecraft:flowering_azalea_leaves":1,"minecraft:deepslate_iron_ore":31,"minecraft:pink_tulip":1,"perfectplushies:sirjain_plushie":3,"minecraft:stripped_mangrove_wood":3,"minecraft:stone":369,"minecraft:bone_block":1,"minecraft:white_wool":2,"minecraft:podzol":5,"minecraft:deepslate_redstone_ore":5,"minecraft:brown_mushroom":9,"minecraft:dandelion":4,"minecraft:polished_granite":4,"minecraft:clay":2,"minecraft:crafting_table":8,"minecraft:dark_oak_wood":9,"minecraft:calcite":21,"minecraft:chest":1,"minecraft:copper_ore":3,"minecraft:tall_grass":11,"minecraft:deepslate_coal_ore":3,"minecraft:cobblestone":40,"minecraft:lapis_ore":5,"minecraft:diorite":2,"minecraft:wall_torch":8,"minecraft:warped_wart_block":2,"minecraft:skeleton_skull":2,"minecraft:warped_nylium":3,"minecraft:coarse_dirt":2,"minecraft:warped_fungus":4,"minecraft:black_bed":1,"minecraft:stone_brick_stairs":1,"minecraft:grass":113,"minecraft:coal_ore":49,"minecraft:oak_log":20,"minecraft:gravel":27,"minecraft:dirt":60,"minecraft:sand":38,"minecraft:cracked_stone_bricks":1,"minecraft:netherrack":23,"minecraft:mossy_stone_bricks":1,"minecraft:deepslate":271,"minecraft:fern":2},"minecraft:dropped":{"minecraft:nether_brick_stairs":1,"minecraft:iron_ingot":11,"minecraft:wheat_seeds":12,"minecraft:oak_log":11,"minecraft:cooked_porkchop":4,"minecraft:iron_helmet":3,"minecraft:cobblestone":54,"minecraft:black_bed":1,"minecraft:coal":19,"minecraft:flint":1,"minecraft:stick":2,"minecraft:cobweb":3,"minecraft:dirt":8,"minecraft:mutton":1,"minecraft:dark_oak_wood":3,"alexsmobs:dropbear_claw":1,"minecraft:iron_leggings":2,"minecraft:gold_nugget":3,"minecraft:smooth_stone":1,"minecraft:iron_pickaxe":1,"minecraft:string":37,"minecraft:white_wool":2,"minecraft:music_disc_cat":1,"minecraft:gravel":8,"minecraft:bone":8,"simpleplanes:propeller":2,"minecraft:furnace":1,"minecraft:stone_axe":1,"minecraft:cobbled_deepslate":2,"minecraft:clay_ball":8,"minecraft:oak_planks":22,"minecraft:iron_boots":2,"minecraft:cooked_mutton":2,"minecraft:potato":7,"minecraft:skeleton_skull":1,"minecraft:spruce_planks":6,"minecraft:bundle":2,"minecraft:oak_wood":3,"minecraft:iron_chestplate":2,"minecraft:andesite":1,"minecraft:golden_leggings":1,"minecraft:beef":6,"minecraft:stone_pickaxe":2,"minecraft:wooden_pickaxe":1,"minecraft:calcite":2,"minecraft:black_wool":1},"minecraft:broken":{"minecraft:stone_pickaxe":1,"minecraft:iron_pickaxe":2},"minecraft:crafted":{"minecraft:smooth_stone":1,"minecraft:oak_planks":104,"simpleplanes:plane_workbench":1,"minecraft:furnace":3,"minecraft:stone":3,"minecraft:cooked_mutton":3,"minecraft:flint_and_steel":1,"minecraft:glass":12,"travelersbackpack:white_sleeping_bag":1,"simpleplanes:large_plane":1,"minecraft:iron_axe":2,"minecraft:stone_pickaxe":2,"minecraft:chest":7,"simpleplanes:propeller":3,"minecraft:cooked_beef":3,"minecraft:diamond_sword":1,"minecraft:cooked_porkchop":40,"minecraft:crafting_table":7,"travelersbackpack:backpack_tank":2,"minecraft:wooden_pickaxe":1,"travelersbackpack:standard":1,"minecraft:gold_block":2,"minecraft:bucket":1,"minecraft:stone_axe":1,"minecraft:air":0,"minecraft:oak_boat":1,"minecraft:white_wool":5,"minecraft:diamond_pickaxe":1,"minecraft:stick":48,"minecraft:iron_ingot":44,"minecraft:iron_pickaxe":4,"minecraft:stone_sword":1,"minecraft:iron_shovel":1,"minecraft:iron_leggings":1,"minecraft:gold_ingot":9,"minecraft:white_bed":2,"minecraft:torch":72},"minecraft:killed":{"alexsmobs:dropbear":1,"minecraft:zombified_piglin":1,"minecraft:spider":11,"alexsmobs:seagull":2,"minecraft:skeleton":9,"minecraft:chicken":1,"minecraft:piglin":1,"minecraft:husk":3,"minecraft:pig":7,"alexsmobs:crimson_mosquito":2,"minecraft:sheep":13,"minecraft:pillager":7,"minecraft:zombie":8,"alexsmobs:terrapin":1,"minecraft:cow":4},"minecraft:picked_up":{"minecraft:coarse_dirt":2,"minecraft:crafting_table":8,"minecraft:iron_chestplate":1,"minecraft:azure_bluet":8,"simpleplanes:propeller":1,"minecraft:chicken":1,"minecraft:ladder":1,"minecraft:clay_ball":8,"minecraft:brown_mushroom":7,"minecraft:gold_block":1,"minecraft:stone_brick_stairs":1,"minecraft:shield":1,"minecraft:music_disc_cat":2,"minecraft:string":46,"minecraft:iron_leggings":2,"minecraft:armor_stand":2,"alexsmobs:dropbear_claw":1,"minecraft:cracked_stone_bricks":1,"minecraft:diamond_leggings":1,"minecraft:smooth_stone":1,"minecraft:gold_nugget":1,"minecraft:cobbled_deepslate":254,"minecraft:spruce_planks":6,"minecraft:beef":12,"minecraft:oak_boat":1,"minecraft:calcite":18,"minecraft:chest":1,"minecraft:iron_boots":1,"minecraft:furnace":9,"minecraft:raw_iron":35,"perfectplushies:sirjain_plushie":3,"minecraft:torch":9,"minecraft:porkchop":16,"minecraft:pointed_dripstone":1,"tombstone:grave_dust":7,"minecraft:diorite":1,"minecraft:carrot":1,"minecraft:redstone":35,"minecraft:prismarine_crystals":4,"minecraft:arrow":2,"minecraft:rotten_flesh":10,"minecraft:diamond_chestplate":1,"good_nights_sleep:hope_mushroom":2,"minecraft:diamond_boots":1,"minecraft:hay_block":12,"minecraft:pink_tulip":1,"minecraft:obsidian":6,"minecraft:mutton":15,"minecraft:skeleton_skull":2,"minecraft:white_wool":15,"minecraft:cobblestone":441,"minecraft:enchanting_table":1,"minecraft:feather":1,"minecraft:cooked_beef":3,"minecraft:andesite":4,"minecraft:black_bed":1,"minecraft:leather":5,"minecraft:golden_leggings":1,"minecraft:potato":3,"minecraft:flint":3,"minecraft:oak_log":30,"minecraft:lapis_lazuli":60,"minecraft:dirt":216,"minecraft:white_banner":1,"tombstone:gift":2,"minecraft:polished_granite":4,"minecraft:cooked_mutton":4,"minecraft:bone":3,"minecraft:bow":1,"minecraft:wheat_seeds":22,"minecraft:iron_ingot":31,"minecraft:stone_pickaxe":2,"minecraft:cobweb":3,"minecraft:mossy_stone_bricks":1,"minecraft:diamond_helmet":1,"minecraft:oak_planks":29,"minecraft:warped_fungus":4,"minecraft:cooked_porkchop":2,"minecraft:sweet_berries":3,"minecraft:dandelion":10,"minecraft:gravel":28,"minecraft:sand":27,"minecraft:nether_brick_stairs":3,"minecraft:spider_eye":5,"travelersbackpack:white_sleeping_bag":1,"minecraft:bundle":1,"minecraft:oak_wood":19,"minecraft:diamond":21,"minecraft:iron_helmet":3,"simpleplanes:large_plane":1,"minecraft:golden_apple":1,"minecraft:bread":2,"minecraft:netherrack":15,"minecraft:black_wool":3,"minecraft:dark_oak_wood":3,"minecraft:coal":65},"minecraft:used":{"minecraft:stone_sword":103,"minecraft:enchanting_table":1,"minecraft:iron_shovel":2,"minecraft:flint_and_steel":1,"minecraft:chest":7,"minecraft:shield":7,"minecraft:iron_sword":121,"minecraft:torch":81,"minecraft:dirt":141,"minecraft:mutton":2,"minecraft:carrot":33,"minecraft:nether_brick_stairs":1,"minecraft:obsidian":10,"minecraft:iron_axe":5,"minecraft:furnace":12,"tombstone:gift":6,"minecraft:cooked_beef":3,"minecraft:cobbled_deepslate":3,"minecraft:pointed_dripstone":1,"minecraft:calcite":20,"minecraft:cooked_mutton":5,"minecraft:water_bucket":2,"minecraft:mossy_stone_bricks":1,"minecraft:diorite":1,"minecraft:stone_pickaxe":129,"minecraft:wooden_pickaxe":29,"minecraft:cracked_stone_bricks":1,"minecraft:white_wool":5,"minecraft:crafting_table":14,"minecraft:white_bed":2,"good_nights_sleep:hope_mushroom":1,"minecraft:diamond_pickaxe":41,"minecraft:iron_pickaxe":739,"minecraft:bread":10,"tombstone:magic_scroll":1,"perfectplushies:sirjain_plushie":3,"minecraft:polished_granite":4,"minecraft:stone_axe":52,"minecraft:gravel":20,"simpleplanes:large_plane":2,"simpleplanes:plane_workbench":1,"minecraft:diamond_sword":72,"travelersbackpack:standard":17,"minecraft:cobblestone":210,"minecraft:cooked_porkchop":24,"minecraft:bucket":3,"minecraft:pumpkin_pie":3,"minecraft:oak_boat":2,"alexsmobs:animal_dictionary":1}},"DataVersion":3465}