{"stats":{"minecraft:killed_by":{"man:managgresive":1},"minecraft:custom":{"minecraft:time_since_rest":3212,"minecraft:interact_with_furnace":7,"minecraft:sprint_one_cm":71202,"minecraft:damage_taken":367,"minecraft:walk_one_cm":75753,"minecraft:mob_kills":4,"minecraft:drop":4,"minecraft:damage_dealt":339,"minecraft:fly_one_cm":40643,"minecraft:interact_with_crafting_table":1,"minecraft:open_chest":2,"minecraft:crouch_one_cm":2036,"minecraft:play_time":22318,"minecraft:deaths":1,"minecraft:sneak_time":1041,"minecraft:jump":261,"minecraft:leave_game":1,"minecraft:time_since_death":9468,"minecraft:sleep_in_bed":2,"minecraft:interact_with_smoker":6,"minecraft:climb_one_cm":2278,"minecraft:total_world_time":22318,"minecraft:fall_one_cm":7573},"minecraft:mined":{"minecraft:large_fern":4,"minecraft:hay_block":6,"minecraft:crafting_table":1,"minecraft:grass":15,"minecraft:oak_log":3,"minecraft:calcite":2,"minecraft:coal_ore":7,"minecraft:gravel":1,"minecraft:dirt":3,"minecraft:stone":9},"minecraft:dropped":{"minecraft:iron_chestplate":1,"minecraft:iron_leggings":1,"minecraft:iron_helmet":1,"minecraft:iron_boots":1},"minecraft:crafted":{"minecraft:cooked_beef":3,"minecraft:oak_planks":12,"minecraft:crafting_table":1,"minecraft:stick":4,"minecraft:wooden_pickaxe":1,"minecraft:air":0,"minecraft:cooked_mutton":3},"minecraft:killed":{"minecraft:sheep":3,"minecraft:pig":1},"minecraft:picked_up":{"minecraft:iron_chestplate":1,"minecraft:crafting_table":1,"minecraft:gravel":1,"minecraft:porkchop":1,"minecraft:oak_log":3,"minecraft:dirt":3,"minecraft:armor_stand":2,"minecraft:iron_leggings":1,"minecraft:rotten_flesh":2,"minecraft:bow":1,"minecraft:wheat_seeds":2,"minecraft:hay_block":6,"minecraft:iron_helmet":1,"minecraft:calcite":2,"minecraft:mutton":4,"minecraft:coal":7,"minecraft:iron_boots":1,"minecraft:white_wool":3,"minecraft:cobblestone":8},"minecraft:used":{"minecraft:cooked_mutton":1,"minecraft:bread":1,"minecraft:wooden_pickaxe":28,"minecraft:gravel":1,"minecraft:white_wool":1,"minecraft:dirt":2,"minecraft:crafting_table":1,"tombstone:gift":1,"alexsmobs:animal_dictionary":1}},"DataVersion":3465}