{"stats":{"minecraft:custom":{"minecraft:mob_kills":78,"minecraft:interact_with_crafting_table":70,"minecraft:open_barrel":7,"minecraft:eat_cake_slice":6,"minecraft:leave_game":6,"minecraft:time_since_death":19831,"minecraft:climb_one_cm":11780,"minecraft:sprint_one_cm":1019700,"minecraft:walk_one_cm":943119,"minecraft:damage_blocked_by_shield":450,"minecraft:drop":112,"minecraft:play_time":338742,"minecraft:sneak_time":10027,"minecraft:deaths":7,"minecraft:walk_under_water_one_cm":16446,"minecraft:boat_one_cm":301825,"minecraft:jump":5660,"minecraft:interact_with_blast_furnace":7,"minecraft:walk_on_water_one_cm":23554,"minecraft:total_world_time":338742,"minecraft:interact_with_furnace":109,"tombstone:raider_killed":7,"minecraft:raid_trigger":1,"minecraft:interact_with_grindstone":1,"minecraft:sleep_in_bed":9,"minecraft:time_since_rest":17389,"minecraft:damage_taken":6641,"tombstone:sneak_grave":4,"minecraft:damage_dealt":13192,"minecraft:swim_one_cm":40314,"minecraft:fly_one_cm":998097,"minecraft:crouch_one_cm":22884,"minecraft:open_chest":125,"tombstone:undead_killed":23,"minecraft:interact_with_smoker":6,"minecraft:fall_one_cm":137314},"minecraft:killed_by":{"minecraft:husk":3,"minecraft:creeper":1,"man:managgresive":1,"minecraft:skeleton":1,"minecraft:zombie":1},"minecraft:mined":{"minecraft:white_bed":3,"minecraft:spruce_planks":6,"minecraft:mossy_cobblestone":2,"minecraft:deepslate_diamond_ore":11,"minecraft:red_nether_bricks":1,"minecraft:obsidian":6,"minecraft:allium":1,"minecraft:grass_block":47,"minecraft:large_fern":5,"minecraft:hay_block":6,"minecraft:redstone_ore":3,"minecraft:mossy_cobblestone_slab":1,"minecraft:carrots":9,"minecraft:furnace":8,"minecraft:nether_sprouts":3,"minecraft:iron_ore":10,"minecraft:cobbled_deepslate":4,"good_nights_sleep:hope_mushroom":2,"minecraft:andesite":5,"minecraft:deepslate_lapis_ore":7,"minecraft:gold_block":1,"minecraft:nether_brick_stairs":2,"minecraft:azure_bluet":3,"minecraft:enchanting_table":1,"minecraft:potatoes":8,"minecraft:flowering_azalea_leaves":1,"minecraft:deepslate_iron_ore":31,"minecraft:pink_tulip":1,"perfectplushies:sirjain_plushie":3,"minecraft:stripped_mangrove_wood":3,"minecraft:stone":369,"minecraft:bone_block":1,"minecraft:white_wool":2,"minecraft:podzol":5,"minecraft:deepslate_redstone_ore":5,"minecraft:brown_mushroom":9,"minecraft:dandelion":4,"minecraft:polished_granite":4,"minecraft:clay":2,"minecraft:crafting_table":8,"minecraft:torch":1,"minecraft:dark_oak_wood":9,"minecraft:calcite":21,"minecraft:warped_roots":1,"minecraft:chest":1,"minecraft:nether_quartz_ore":7,"minecraft:copper_ore":3,"minecraft:tall_grass":11,"minecraft:deepslate_coal_ore":3,"minecraft:cobblestone":42,"minecraft:lapis_ore":5,"minecraft:diorite":2,"minecraft:wall_torch":8,"minecraft:warped_wart_block":2,"minecraft:skeleton_skull":2,"minecraft:warped_nylium":12,"minecraft:coarse_dirt":2,"minecraft:wheat":50,"minecraft:warped_fungus":4,"minecraft:black_bed":1,"minecraft:stone_brick_stairs":1,"minecraft:grass":125,"minecraft:coal_ore":49,"minecraft:oak_log":20,"minecraft:gravel":27,"minecraft:dirt":60,"minecraft:sand":38,"minecraft:cracked_stone_bricks":1,"minecraft:netherrack":83,"minecraft:mossy_stone_bricks":1,"minecraft:deepslate":271,"minecraft:fern":2},"minecraft:crafted":{"minecraft:smooth_stone":1,"minecraft:oak_planks":104,"simpleplanes:plane_workbench":1,"minecraft:furnace":3,"minecraft:stone":3,"minecraft:cooked_mutton":3,"minecraft:flint_and_steel":1,"minecraft:glass":12,"travelersbackpack:white_sleeping_bag":1,"simpleplanes:large_plane":1,"minecraft:iron_axe":2,"minecraft:stone_pickaxe":2,"minecraft:chest":7,"simpleplanes:propeller":3,"minecraft:cooked_beef":3,"minecraft:diamond_sword":1,"minecraft:cooked_porkchop":40,"minecraft:crafting_table":7,"travelersbackpack:backpack_tank":2,"minecraft:wooden_pickaxe":1,"travelersbackpack:standard":1,"minecraft:gold_block":2,"minecraft:bucket":1,"minecraft:stone_axe":1,"minecraft:air":0,"minecraft:oak_boat":1,"minecraft:white_wool":5,"minecraft:diamond_pickaxe":1,"minecraft:stick":48,"minecraft:iron_ingot":44,"minecraft:iron_pickaxe":4,"minecraft:stone_sword":1,"minecraft:iron_shovel":1,"minecraft:iron_leggings":1,"minecraft:gold_ingot":9,"minecraft:white_bed":2,"minecraft:torch":72},"minecraft:used":{"minecraft:stone_sword":103,"minecraft:enchanting_table":1,"minecraft:iron_shovel":2,"minecraft:flint_and_steel":1,"minecraft:chest":7,"minecraft:shield":7,"minecraft:iron_sword":121,"minecraft:torch":82,"minecraft:dirt":146,"minecraft:mutton":2,"minecraft:carrot":49,"minecraft:obsidian":10,"minecraft:nether_brick_stairs":1,"minecraft:lava_bucket":6,"minecraft:iron_axe":5,"minecraft:furnace":12,"tombstone:gift":6,"minecraft:potato":8,"minecraft:cooked_beef":3,"minecraft:cobbled_deepslate":3,"minecraft:wheat_seeds":50,"minecraft:pointed_dripstone":1,"minecraft:calcite":20,"minecraft:cooked_mutton":8,"minecraft:water_bucket":8,"minecraft:mossy_stone_bricks":1,"minecraft:diorite":1,"minecraft:stone_pickaxe":129,"minecraft:wooden_pickaxe":29,"minecraft:cracked_stone_bricks":1,"minecraft:white_wool":5,"minecraft:crafting_table":14,"minecraft:white_bed":5,"good_nights_sleep:hope_mushroom":1,"minecraft:diamond_pickaxe":121,"minecraft:iron_pickaxe":739,"minecraft:bread":10,"tombstone:magic_scroll":1,"perfectplushies:sirjain_plushie":3,"minecraft:polished_granite":4,"minecraft:stone_axe":52,"minecraft:gravel":20,"simpleplanes:plane_workbench":1,"simpleplanes:large_plane":4,"minecraft:diamond_sword":106,"travelersbackpack:standard":20,"minecraft:cobblestone":213,"minecraft:cooked_porkchop":30,"minecraft:bucket":18,"minecraft:pumpkin_pie":3,"minecraft:oak_boat":2,"alexsmobs:animal_dictionary":1},"minecraft:picked_up":{"minecraft:wheat":48,"minecraft:crafting_table":8,"minecraft:iron_chestplate":1,"minecraft:coarse_dirt":2,"minecraft:chicken":1,"minecraft:azure_bluet":8,"simpleplanes:propeller":1,"minecraft:ladder":1,"minecraft:clay_ball":8,"minecraft:brown_mushroom":7,"minecraft:gold_block":1,"minecraft:stone_brick_stairs":1,"minecraft:shield":1,"minecraft:music_disc_cat":2,"minecraft:string":47,"minecraft:iron_leggings":2,"minecraft:armor_stand":2,"alexsmobs:dropbear_claw":1,"minecraft:cracked_stone_bricks":1,"minecraft:diamond_leggings":1,"minecraft:smooth_stone":1,"minecraft:gold_nugget":1,"minecraft:cobbled_deepslate":254,"minecraft:spruce_planks":6,"minecraft:beef":12,"minecraft:oak_boat":1,"minecraft:calcite":18,"minecraft:chest":1,"minecraft:iron_boots":1,"minecraft:furnace":9,"minecraft:raw_iron":35,"perfectplushies:sirjain_plushie":3,"minecraft:torch":10,"minecraft:porkchop":16,"minecraft:pointed_dripstone":1,"tombstone:grave_dust":14,"minecraft:diorite":1,"minecraft:carrot":36,"minecraft:redstone":35,"minecraft:prismarine_crystals":4,"minecraft:arrow":5,"minecraft:rotten_flesh":10,"minecraft:diamond_chestplate":1,"good_nights_sleep:hope_mushroom":2,"minecraft:diamond_boots":1,"minecraft:hay_block":12,"minecraft:pink_tulip":1,"minecraft:obsidian":6,"minecraft:mutton":15,"minecraft:skeleton_skull":2,"minecraft:white_wool":15,"minecraft:cobblestone":443,"minecraft:enchanting_table":1,"minecraft:feather":1,"minecraft:cooked_beef":3,"minecraft:water_bucket":1,"minecraft:andesite":4,"minecraft:leather":5,"minecraft:black_bed":1,"minecraft:golden_leggings":1,"minecraft:potato":29,"minecraft:flint":3,"minecraft:oak_log":30,"minecraft:lapis_lazuli":60,"minecraft:dirt":219,"minecraft:white_banner":1,"tombstone:gift":2,"minecraft:polished_granite":4,"minecraft:cooked_mutton":7,"minecraft:bone":6,"minecraft:bow":1,"minecraft:wheat_seeds":157,"minecraft:iron_ingot":31,"minecraft:stone_pickaxe":2,"minecraft:cobweb":3,"minecraft:mossy_stone_bricks":1,"minecraft:diamond_helmet":1,"minecraft:oak_planks":29,"minecraft:warped_fungus":5,"minecraft:cooked_porkchop":6,"minecraft:sweet_berries":3,"minecraft:quartz":7,"minecraft:dandelion":10,"minecraft:gravel":28,"minecraft:sand":27,"minecraft:nether_brick_stairs":3,"minecraft:white_bed":3,"minecraft:spider_eye":6,"travelersbackpack:white_sleeping_bag":1,"minecraft:bundle":1,"minecraft:oak_wood":19,"minecraft:diamond":21,"minecraft:iron_helmet":3,"simpleplanes:large_plane":2,"minecraft:golden_apple":1,"minecraft:warped_roots":1,"minecraft:bread":2,"minecraft:netherrack":82,"minecraft:black_wool":3,"minecraft:dark_oak_wood":3,"minecraft:coal":65},"minecraft:broken":{"minecraft:stone_pickaxe":1,"minecraft:iron_pickaxe":2},"minecraft:killed":{"alexsmobs:dropbear":1,"minecraft:zombified_piglin":1,"minecraft:spider":12,"alexsmobs:seagull":2,"minecraft:skeleton":11,"minecraft:chicken":1,"minecraft:piglin":1,"minecraft:husk":3,"minecraft:pig":8,"alexsmobs:grizzly_bear":2,"alexsmobs:crimson_mosquito":2,"minecraft:sheep":13,"minecraft:pillager":7,"minecraft:zombie":8,"alexsmobs:terrapin":1,"minecraft:cow":4},"minecraft:dropped":{"minecraft:nether_brick_stairs":1,"minecraft:iron_ingot":11,"minecraft:wheat_seeds":12,"minecraft:oak_log":11,"minecraft:cooked_porkchop":4,"minecraft:iron_helmet":3,"minecraft:cobblestone":54,"minecraft:warped_roots":1,"minecraft:black_bed":1,"minecraft:coal":19,"minecraft:flint":1,"minecraft:stick":2,"minecraft:cobweb":3,"minecraft:dirt":8,"minecraft:mutton":1,"minecraft:dark_oak_wood":3,"alexsmobs:dropbear_claw":1,"tombstone:grave_dust":7,"minecraft:iron_leggings":2,"minecraft:gold_nugget":3,"minecraft:iron_pickaxe":1,"minecraft:smooth_stone":1,"minecraft:string":37,"minecraft:white_wool":2,"minecraft:music_disc_cat":1,"minecraft:bone":8,"minecraft:gravel":8,"simpleplanes:propeller":2,"minecraft:furnace":1,"minecraft:stone_axe":1,"minecraft:cobbled_deepslate":2,"minecraft:clay_ball":8,"minecraft:oak_planks":22,"minecraft:iron_boots":2,"minecraft:cooked_mutton":2,"minecraft:potato":7,"minecraft:skeleton_skull":1,"minecraft:spruce_planks":6,"minecraft:bundle":2,"minecraft:oak_wood":3,"minecraft:iron_chestplate":2,"minecraft:andesite":1,"minecraft:golden_leggings":1,"minecraft:beef":6,"minecraft:stone_pickaxe":2,"minecraft:wooden_pickaxe":1,"minecraft:calcite":2,"minecraft:black_wool":1,"minecraft:water_bucket":1}},"DataVersion":3465}