{"stats":{"minecraft:custom":{"minecraft:mob_kills":58,"minecraft:interact_with_crafting_table":47,"minecraft:open_barrel":7,"minecraft:eat_cake_slice":6,"minecraft:leave_game":3,"minecraft:time_since_death":6158,"minecraft:climb_one_cm":10313,"minecraft:sprint_one_cm":651366,"minecraft:walk_one_cm":672363,"minecraft:damage_blocked_by_shield":450,"minecraft:drop":92,"minecraft:play_time":238043,"minecraft:deaths":6,"minecraft:sneak_time":7830,"minecraft:walk_under_water_one_cm":10066,"minecraft:boat_one_cm":301825,"minecraft:jump":4117,"minecraft:interact_with_blast_furnace":7,"minecraft:walk_on_water_one_cm":16343,"minecraft:total_world_time":238043,"minecraft:interact_with_furnace":93,"minecraft:sleep_in_bed":5,"minecraft:time_since_rest":5790,"minecraft:damage_taken":4670,"minecraft:damage_dealt":9167,"minecraft:swim_one_cm":40314,"minecraft:fly_one_cm":707797,"minecraft:open_chest":58,"minecraft:crouch_one_cm":17197,"tombstone:undead_killed":19,"minecraft:interact_with_smoker":6,"minecraft:fall_one_cm":95392},"minecraft:killed_by":{"minecraft:husk":3,"man:managgresive":1,"minecraft:skeleton":1,"minecraft:zombie":1},"minecraft:mined":{"minecraft:spruce_planks":6,"minecraft:mossy_cobblestone":2,"minecraft:deepslate_diamond_ore":11,"minecraft:red_nether_bricks":1,"minecraft:allium":1,"minecraft:grass_block":40,"minecraft:large_fern":5,"minecraft:hay_block":6,"minecraft:redstone_ore":3,"minecraft:mossy_cobblestone_slab":1,"minecraft:furnace":8,"minecraft:iron_ore":10,"minecraft:cobbled_deepslate":3,"minecraft:andesite":5,"minecraft:deepslate_lapis_ore":7,"minecraft:azure_bluet":3,"minecraft:nether_brick_stairs":2,"minecraft:enchanting_table":1,"minecraft:deepslate_iron_ore":31,"minecraft:flowering_azalea_leaves":1,"minecraft:pink_tulip":1,"perfectplushies:sirjain_plushie":3,"minecraft:stripped_mangrove_wood":3,"minecraft:stone":369,"minecraft:bone_block":1,"minecraft:white_wool":2,"minecraft:podzol":5,"minecraft:deepslate_redstone_ore":5,"minecraft:brown_mushroom":9,"minecraft:dandelion":4,"minecraft:polished_granite":4,"minecraft:clay":2,"minecraft:crafting_table":8,"minecraft:dark_oak_wood":9,"minecraft:calcite":21,"minecraft:tall_grass":11,"minecraft:copper_ore":3,"minecraft:cobblestone":28,"minecraft:deepslate_coal_ore":3,"minecraft:lapis_ore":5,"minecraft:diorite":2,"minecraft:wall_torch":8,"minecraft:skeleton_skull":2,"minecraft:coarse_dirt":2,"minecraft:black_bed":1,"minecraft:grass":102,"minecraft:oak_log":20,"minecraft:coal_ore":49,"minecraft:gravel":2,"minecraft:sand":38,"minecraft:dirt":45,"minecraft:cracked_stone_bricks":1,"minecraft:mossy_stone_bricks":1,"minecraft:deepslate":271,"minecraft:fern":2},"minecraft:dropped":{"minecraft:nether_brick_stairs":1,"minecraft:iron_ingot":11,"minecraft:wheat_seeds":12,"minecraft:oak_log":11,"minecraft:cooked_porkchop":2,"minecraft:iron_helmet":3,"minecraft:cobblestone":54,"minecraft:black_bed":1,"minecraft:coal":19,"minecraft:stick":2,"minecraft:cobweb":3,"minecraft:dark_oak_wood":3,"minecraft:mutton":1,"minecraft:iron_leggings":2,"minecraft:gold_nugget":3,"minecraft:iron_pickaxe":1,"minecraft:string":37,"minecraft:white_wool":2,"minecraft:music_disc_cat":1,"minecraft:bone":8,"minecraft:furnace":1,"minecraft:stone_axe":1,"minecraft:cobbled_deepslate":2,"minecraft:clay_ball":8,"minecraft:oak_planks":22,"minecraft:iron_boots":2,"minecraft:cooked_mutton":2,"minecraft:potato":7,"minecraft:skeleton_skull":1,"minecraft:bundle":2,"minecraft:spruce_planks":6,"minecraft:oak_wood":3,"minecraft:iron_chestplate":2,"minecraft:andesite":1,"minecraft:golden_leggings":1,"minecraft:wooden_pickaxe":1,"minecraft:beef":6,"minecraft:stone_pickaxe":2,"minecraft:calcite":2,"minecraft:black_wool":1},"minecraft:broken":{"minecraft:stone_pickaxe":1,"minecraft:iron_pickaxe":2},"minecraft:crafted":{"minecraft:oak_planks":104,"minecraft:furnace":1,"minecraft:cooked_mutton":3,"minecraft:glass":12,"travelersbackpack:white_sleeping_bag":1,"minecraft:iron_axe":1,"minecraft:stone_pickaxe":2,"minecraft:chest":5,"minecraft:cooked_beef":3,"minecraft:diamond_sword":1,"minecraft:cooked_porkchop":28,"minecraft:crafting_table":6,"travelersbackpack:backpack_tank":2,"minecraft:wooden_pickaxe":1,"travelersbackpack:standard":1,"minecraft:gold_block":1,"minecraft:bucket":1,"minecraft:stone_axe":1,"minecraft:air":0,"minecraft:oak_boat":1,"minecraft:stick":40,"minecraft:iron_ingot":26,"minecraft:iron_pickaxe":3,"minecraft:iron_shovel":1,"minecraft:stone_sword":1,"minecraft:gold_ingot":9,"minecraft:iron_leggings":1,"minecraft:torch":72},"minecraft:killed":{"minecraft:spider":11,"alexsmobs:seagull":2,"minecraft:skeleton":8,"minecraft:chicken":1,"minecraft:husk":3,"minecraft:pig":7,"minecraft:sheep":12,"minecraft:zombie":8,"alexsmobs:terrapin":1,"minecraft:cow":4},"minecraft:picked_up":{"minecraft:iron_chestplate":1,"minecraft:crafting_table":8,"minecraft:coarse_dirt":2,"minecraft:azure_bluet":8,"minecraft:chicken":1,"minecraft:ladder":1,"minecraft:clay_ball":8,"minecraft:brown_mushroom":7,"minecraft:shield":1,"minecraft:music_disc_cat":2,"minecraft:string":46,"minecraft:iron_leggings":2,"minecraft:armor_stand":2,"minecraft:cracked_stone_bricks":1,"minecraft:diamond_leggings":1,"minecraft:cobbled_deepslate":252,"minecraft:spruce_planks":6,"minecraft:beef":12,"minecraft:oak_boat":1,"minecraft:calcite":18,"minecraft:iron_boots":1,"minecraft:furnace":9,"minecraft:raw_iron":35,"perfectplushies:sirjain_plushie":3,"minecraft:torch":9,"minecraft:porkchop":16,"minecraft:pointed_dripstone":1,"tombstone:grave_dust":2,"minecraft:diorite":1,"minecraft:carrot":1,"minecraft:redstone":35,"minecraft:prismarine_crystals":4,"minecraft:arrow":2,"minecraft:diamond_chestplate":1,"minecraft:rotten_flesh":10,"minecraft:diamond_boots":1,"minecraft:hay_block":12,"minecraft:pink_tulip":1,"minecraft:mutton":14,"minecraft:skeleton_skull":2,"minecraft:white_wool":14,"minecraft:cobblestone":428,"minecraft:enchanting_table":1,"minecraft:feather":1,"minecraft:cooked_beef":3,"minecraft:andesite":2,"minecraft:black_bed":1,"minecraft:leather":5,"minecraft:golden_leggings":1,"minecraft:potato":3,"minecraft:oak_log":30,"minecraft:lapis_lazuli":60,"minecraft:dirt":150,"tombstone:gift":2,"minecraft:polished_granite":4,"minecraft:cooked_mutton":4,"minecraft:bone":3,"minecraft:bow":1,"minecraft:wheat_seeds":20,"minecraft:stone_pickaxe":2,"minecraft:iron_ingot":31,"minecraft:cobweb":3,"minecraft:mossy_stone_bricks":1,"minecraft:diamond_helmet":1,"minecraft:oak_planks":29,"minecraft:cooked_porkchop":2,"minecraft:sweet_berries":3,"minecraft:dandelion":10,"minecraft:gravel":1,"minecraft:sand":27,"minecraft:nether_brick_stairs":3,"minecraft:spider_eye":5,"travelersbackpack:white_sleeping_bag":1,"minecraft:bundle":1,"minecraft:oak_wood":19,"minecraft:diamond":21,"minecraft:iron_helmet":3,"minecraft:golden_apple":1,"minecraft:bread":2,"minecraft:black_wool":3,"minecraft:dark_oak_wood":3,"minecraft:coal":65},"minecraft:used":{"minecraft:enchanting_table":1,"minecraft:stone_sword":103,"minecraft:iron_shovel":2,"minecraft:chest":4,"minecraft:shield":7,"minecraft:iron_sword":121,"minecraft:torch":81,"minecraft:dirt":75,"minecraft:mutton":2,"minecraft:carrot":33,"minecraft:nether_brick_stairs":1,"minecraft:iron_axe":5,"minecraft:furnace":10,"tombstone:gift":3,"minecraft:cooked_beef":3,"minecraft:cobbled_deepslate":2,"minecraft:pointed_dripstone":1,"minecraft:calcite":20,"minecraft:cooked_mutton":5,"minecraft:water_bucket":2,"minecraft:mossy_stone_bricks":1,"minecraft:diorite":1,"minecraft:stone_pickaxe":129,"minecraft:wooden_pickaxe":29,"minecraft:cracked_stone_bricks":1,"minecraft:white_wool":5,"minecraft:crafting_table":14,"minecraft:bread":10,"minecraft:iron_pickaxe":733,"tombstone:magic_scroll":1,"perfectplushies:sirjain_plushie":3,"minecraft:polished_granite":4,"minecraft:gravel":1,"minecraft:stone_axe":52,"minecraft:diamond_sword":25,"travelersbackpack:standard":17,"minecraft:cobblestone":179,"minecraft:cooked_porkchop":14,"minecraft:bucket":3,"minecraft:pumpkin_pie":3,"minecraft:oak_boat":2,"alexsmobs:animal_dictionary":1}},"DataVersion":3465}