{"stats":{"minecraft:custom":{"minecraft:mob_kills":41,"minecraft:interact_with_crafting_table":28,"minecraft:open_barrel":7,"minecraft:eat_cake_slice":6,"minecraft:leave_game":2,"minecraft:time_since_death":102412,"minecraft:climb_one_cm":10313,"minecraft:sprint_one_cm":487178,"minecraft:walk_one_cm":436581,"minecraft:damage_blocked_by_shield":450,"minecraft:drop":48,"minecraft:play_time":159001,"minecraft:deaths":5,"minecraft:sneak_time":4814,"minecraft:walk_under_water_one_cm":10066,"minecraft:boat_one_cm":301825,"minecraft:jump":3005,"minecraft:interact_with_blast_furnace":7,"minecraft:walk_on_water_one_cm":16343,"minecraft:total_world_time":159001,"minecraft:interact_with_furnace":56,"minecraft:sleep_in_bed":5,"minecraft:time_since_rest":7552,"minecraft:damage_taken":4008,"minecraft:damage_dealt":6122,"minecraft:swim_one_cm":40314,"minecraft:fly_one_cm":544133,"minecraft:open_chest":19,"minecraft:crouch_one_cm":10749,"tombstone:undead_killed":13,"minecraft:interact_with_smoker":6,"minecraft:fall_one_cm":77898},"minecraft:killed_by":{"minecraft:husk":3,"man:managgresive":1,"minecraft:skeleton":1},"minecraft:mined":{"minecraft:spruce_planks":6,"minecraft:mossy_cobblestone":1,"minecraft:red_nether_bricks":1,"minecraft:grass_block":20,"minecraft:large_fern":5,"minecraft:hay_block":6,"minecraft:mossy_cobblestone_slab":1,"minecraft:furnace":5,"minecraft:andesite":2,"minecraft:nether_brick_stairs":2,"minecraft:flowering_azalea_leaves":1,"perfectplushies:sirjain_plushie":2,"minecraft:stripped_mangrove_wood":3,"minecraft:stone":105,"minecraft:bone_block":1,"minecraft:white_wool":2,"minecraft:podzol":5,"minecraft:brown_mushroom":9,"minecraft:polished_granite":4,"minecraft:clay":2,"minecraft:crafting_table":6,"minecraft:dark_oak_wood":9,"minecraft:calcite":21,"minecraft:tall_grass":9,"minecraft:cobblestone":3,"minecraft:diorite":2,"minecraft:wall_torch":2,"minecraft:skeleton_skull":2,"minecraft:coarse_dirt":2,"minecraft:black_bed":1,"minecraft:grass":77,"minecraft:coal_ore":31,"minecraft:oak_log":20,"minecraft:dirt":36,"minecraft:gravel":2,"minecraft:sand":38,"minecraft:cracked_stone_bricks":1,"minecraft:mossy_stone_bricks":1,"minecraft:fern":2},"minecraft:dropped":{"minecraft:nether_brick_stairs":1,"minecraft:wheat_seeds":10,"minecraft:oak_log":11,"minecraft:iron_helmet":2,"minecraft:cobblestone":35,"minecraft:black_bed":1,"minecraft:cobweb":3,"minecraft:dark_oak_wood":3,"minecraft:mutton":1,"minecraft:iron_leggings":2,"minecraft:string":1,"minecraft:white_wool":2,"minecraft:bone":8,"minecraft:furnace":1,"minecraft:stone_axe":1,"minecraft:clay_ball":8,"minecraft:oak_planks":2,"minecraft:iron_boots":2,"minecraft:cooked_mutton":2,"minecraft:potato":7,"minecraft:skeleton_skull":1,"minecraft:spruce_planks":6,"minecraft:bundle":2,"minecraft:oak_wood":3,"minecraft:iron_chestplate":2,"minecraft:andesite":1,"minecraft:golden_leggings":1,"minecraft:stone_pickaxe":1,"minecraft:beef":6,"minecraft:wooden_pickaxe":1,"minecraft:calcite":2,"minecraft:black_wool":1},"minecraft:crafted":{"minecraft:oak_planks":104,"minecraft:cooked_mutton":3,"minecraft:glass":12,"travelersbackpack:white_sleeping_bag":1,"minecraft:iron_axe":1,"minecraft:stone_pickaxe":2,"minecraft:chest":1,"minecraft:cooked_beef":3,"minecraft:cooked_porkchop":22,"minecraft:crafting_table":4,"travelersbackpack:backpack_tank":2,"minecraft:wooden_pickaxe":1,"travelersbackpack:standard":1,"minecraft:gold_block":1,"minecraft:bucket":1,"minecraft:stone_axe":1,"minecraft:air":0,"minecraft:oak_boat":1,"minecraft:stick":16,"minecraft:stone_sword":1,"minecraft:iron_leggings":1,"minecraft:torch":20},"minecraft:killed":{"minecraft:spider":1,"alexsmobs:seagull":2,"minecraft:skeleton":7,"minecraft:chicken":1,"minecraft:husk":3,"minecraft:pig":7,"minecraft:sheep":11,"minecraft:zombie":3,"alexsmobs:terrapin":1,"minecraft:cow":4},"minecraft:picked_up":{"minecraft:coarse_dirt":2,"minecraft:iron_chestplate":1,"minecraft:crafting_table":6,"minecraft:azure_bluet":1,"minecraft:ladder":1,"minecraft:chicken":1,"minecraft:clay_ball":8,"minecraft:brown_mushroom":7,"minecraft:shield":1,"minecraft:string":2,"minecraft:iron_leggings":1,"minecraft:armor_stand":2,"minecraft:cracked_stone_bricks":1,"minecraft:spruce_planks":6,"minecraft:beef":12,"minecraft:oak_boat":1,"minecraft:calcite":18,"minecraft:iron_boots":1,"minecraft:furnace":6,"perfectplushies:sirjain_plushie":2,"minecraft:torch":3,"minecraft:porkchop":16,"tombstone:grave_dust":2,"minecraft:diorite":1,"minecraft:carrot":1,"minecraft:prismarine_crystals":4,"minecraft:rotten_flesh":8,"minecraft:hay_block":12,"minecraft:mutton":12,"minecraft:skeleton_skull":2,"minecraft:white_wool":14,"minecraft:cobblestone":121,"minecraft:feather":1,"minecraft:cooked_beef":3,"minecraft:andesite":1,"minecraft:black_bed":1,"minecraft:leather":5,"minecraft:golden_leggings":1,"minecraft:potato":3,"minecraft:oak_log":30,"minecraft:dirt":70,"tombstone:gift":1,"minecraft:polished_granite":4,"minecraft:cooked_mutton":4,"minecraft:bone":2,"minecraft:bow":1,"minecraft:wheat_seeds":12,"minecraft:stone_pickaxe":2,"minecraft:iron_ingot":23,"minecraft:cobweb":3,"minecraft:mossy_stone_bricks":1,"minecraft:oak_planks":2,"minecraft:cooked_porkchop":2,"minecraft:sweet_berries":3,"minecraft:gravel":1,"minecraft:sand":27,"minecraft:nether_brick_stairs":3,"minecraft:spider_eye":1,"travelersbackpack:white_sleeping_bag":1,"minecraft:bundle":1,"minecraft:oak_wood":19,"minecraft:iron_helmet":1,"minecraft:golden_apple":1,"minecraft:bread":2,"minecraft:black_wool":2,"minecraft:dark_oak_wood":3,"minecraft:coal":41},"minecraft:used":{"minecraft:stone_sword":103,"minecraft:shield":7,"minecraft:iron_sword":74,"minecraft:torch":18,"minecraft:dirt":2,"minecraft:mutton":2,"minecraft:carrot":33,"minecraft:nether_brick_stairs":1,"minecraft:iron_axe":3,"minecraft:furnace":6,"tombstone:gift":2,"minecraft:calcite":20,"minecraft:cooked_mutton":5,"minecraft:water_bucket":1,"minecraft:diorite":1,"minecraft:stone_pickaxe":89,"minecraft:wooden_pickaxe":29,"minecraft:white_wool":5,"minecraft:crafting_table":8,"minecraft:bread":10,"minecraft:iron_pickaxe":90,"perfectplushies:sirjain_plushie":2,"minecraft:polished_granite":4,"minecraft:gravel":1,"minecraft:stone_axe":52,"travelersbackpack:standard":2,"minecraft:cooked_porkchop":12,"minecraft:bucket":2,"alexsmobs:animal_dictionary":1,"minecraft:oak_boat":2}},"DataVersion":3465}