{"stats":{"minecraft:custom":{"minecraft:mob_kills":53,"minecraft:interact_with_crafting_table":13,"minecraft:open_barrel":6,"minecraft:time_since_death":60991,"minecraft:climb_one_cm":6406,"minecraft:sprint_one_cm":266402,"minecraft:walk_one_cm":150102,"minecraft:damage_blocked_by_shield":225,"minecraft:drop":24,"minecraft:talked_to_villager":1,"minecraft:play_time":111240,"minecraft:deaths":3,"minecraft:sneak_time":2625,"minecraft:walk_under_water_one_cm":8103,"minecraft:boat_one_cm":163448,"minecraft:jump":2914,"minecraft:interact_with_blast_furnace":2,"minecraft:walk_on_water_one_cm":14883,"minecraft:total_world_time":111240,"minecraft:interact_with_furnace":28,"minecraft:sleep_in_bed":2,"minecraft:time_since_rest":22496,"minecraft:damage_taken":3091,"minecraft:damage_dealt":9784,"minecraft:fly_one_cm":700964,"minecraft:swim_one_cm":67091,"minecraft:open_chest":16,"minecraft:crouch_one_cm":6339,"tombstone:undead_killed":26,"tombstone:villager_killed":1,"minecraft:interact_with_smoker":3,"minecraft:fall_one_cm":93523},"minecraft:killed_by":{"minecraft:husk":1,"man:managgresive":1,"minecraft:skeleton":1},"minecraft:mined":{"minecraft:dark_oak_planks":4,"minecraft:waxed_cut_copper_slab":1,"minecraft:spruce_trapdoor":1,"minecraft:grass_block":3,"minecraft:coal_block":2,"minecraft:spawner":3,"minecraft:large_fern":4,"minecraft:furnace":2,"minecraft:iron_ore":2,"minecraft:stripped_dark_oak_wood":2,"minecraft:black_candle":1,"minecraft:stone":26,"minecraft:bone_block":2,"minecraft:podzol":2,"minecraft:crafting_table":5,"minecraft:dark_oak_wood":4,"minecraft:calcite":12,"minecraft:tall_grass":4,"minecraft:cobblestone":7,"minecraft:oak_planks":19,"minecraft:diorite":4,"minecraft:red_terracotta":1,"minecraft:coarse_dirt":3,"minecraft:wheat":1,"minecraft:sweet_berry_bush":6,"minecraft:grass":22,"minecraft:coal_ore":9,"minecraft:oak_log":5,"minecraft:dirt":28,"minecraft:stone_bricks":2,"minecraft:fern":4},"minecraft:dropped":{"minecraft:iron_ingot":23,"minecraft:bread":2,"minecraft:cooked_beef":3,"minecraft:prismarine_crystals":4,"minecraft:cobweb":3,"minecraft:black_candle":4,"tombstone:grave_key":1,"minecraft:lily_pad":1,"minecraft:white_wool":1,"minecraft:bone":2,"minecraft:waxed_cut_copper_slab":1,"minecraft:iron_nugget":1,"minecraft:rotten_flesh":21,"minecraft:filled_map":1,"minecraft:shield":1,"minecraft:bundle":1,"minecraft:ladder":1,"minecraft:spider_eye":2,"minecraft:stone_pickaxe":2},"minecraft:broken":{"minecraft:stone_sword":1},"minecraft:crafted":{"minecraft:oak_planks":20,"minecraft:furnace":1,"minecraft:glass":12,"minecraft:stone_pickaxe":1,"minecraft:oak_button":1,"minecraft:cooked_beef":13,"minecraft:cooked_porkchop":14,"minecraft:crafting_table":3,"travelersbackpack:backpack_tank":2,"minecraft:wooden_pickaxe":1,"minecraft:iron_sword":1,"minecraft:stone_axe":1,"minecraft:air":0,"minecraft:shield":2,"minecraft:stick":12,"minecraft:stone_sword":1},"minecraft:killed":{"mca:female_zombie_villager":1,"minecraft:spider":2,"minecraft:skeleton":6,"minecraft:drowned":1,"minecraft:husk":6,"minecraft:pig":11,"minecraft:rabbit":1,"minecraft:sheep":2,"minecraft:zombie":12,"mca:female_villager":1,"minecraft:cow":9},"minecraft:picked_up":{"minecraft:coarse_dirt":5,"minecraft:iron_chestplate":1,"minecraft:crafting_table":5,"minecraft:wheat":1,"minecraft:ladder":1,"minecraft:clay_ball":8,"minecraft:brown_mushroom":1,"minecraft:waxed_cut_copper_slab":1,"minecraft:iron_leggings":1,"minecraft:beef":17,"minecraft:oak_boat":3,"minecraft:calcite":12,"minecraft:iron_nugget":1,"minecraft:coal_block":2,"minecraft:spruce_trapdoor":1,"minecraft:iron_boots":1,"minecraft:furnace":2,"minecraft:raw_iron":2,"minecraft:stripped_mangrove_wood":1,"minecraft:porkchop":21,"tombstone:grave_dust":5,"minecraft:diorite":5,"minecraft:carrot":1,"minecraft:dark_oak_planks":4,"minecraft:arrow":9,"minecraft:rotten_flesh":24,"minecraft:mutton":3,"minecraft:bone_block":2,"minecraft:skeleton_skull":1,"minecraft:white_wool":1,"minecraft:cobblestone":32,"minecraft:andesite":1,"minecraft:brown_wool":1,"minecraft:leather":6,"minecraft:potato":2,"minecraft:oak_log":5,"minecraft:lily_pad":1,"minecraft:dirt":31,"tombstone:gift":1,"minecraft:cooked_mutton":1,"minecraft:bone":14,"minecraft:stone_bricks":2,"minecraft:wheat_seeds":6,"minecraft:stone_pickaxe":3,"minecraft:cobweb":3,"minecraft:rabbit":1,"minecraft:oak_planks":19,"minecraft:black_candle":8,"minecraft:sweet_berries":6,"minecraft:gravel":1,"minecraft:ink_sac":1,"minecraft:red_terracotta":1,"minecraft:spider_eye":2,"minecraft:bundle":3,"minecraft:oak_wood":1,"minecraft:iron_helmet":1,"tombstone:magic_scroll":1,"minecraft:coal":11},"minecraft:used":{"minecraft:stone_sword":140,"minecraft:bone_block":3,"minecraft:shield":3,"minecraft:iron_sword":118,"minecraft:cooked_salmon":3,"minecraft:dirt":6,"minecraft:dark_oak_planks":1,"minecraft:sweet_berries":6,"minecraft:furnace":1,"minecraft:cooked_cod":2,"tombstone:gift":8,"minecraft:cooked_beef":10,"minecraft:calcite":7,"minecraft:diorite":3,"minecraft:stone_pickaxe":64,"minecraft:oak_planks":1,"minecraft:wooden_pickaxe":14,"minecraft:crafting_table":5,"minecraft:apple":2,"minecraft:bread":11,"minecraft:brown_wool":1,"minecraft:oak_button":1,"minecraft:red_terracotta":1,"minecraft:spruce_trapdoor":1,"minecraft:stone_axe":34,"minecraft:cobblestone":7,"minecraft:cooked_porkchop":8,"minecraft:oak_boat":2,"minecraft:coarse_dirt":5}},"DataVersion":3465}