{"stats":{"minecraft:custom":{"minecraft:mob_kills":184,"minecraft:interact_with_crafting_table":54,"minecraft:open_barrel":6,"minecraft:leave_game":4,"minecraft:time_since_death":65499,"minecraft:climb_one_cm":9220,"minecraft:sprint_one_cm":856041,"minecraft:walk_one_cm":654343,"minecraft:damage_blocked_by_shield":2970,"minecraft:drop":86,"minecraft:talked_to_villager":1,"minecraft:play_time":470406,"minecraft:sneak_time":14754,"minecraft:deaths":9,"minecraft:walk_under_water_one_cm":12536,"minecraft:boat_one_cm":299077,"minecraft:jump":10561,"minecraft:interact_with_blast_furnace":2,"minecraft:enchant_item":1,"minecraft:walk_on_water_one_cm":24264,"minecraft:total_world_time":470406,"minecraft:interact_with_furnace":107,"tombstone:raider_killed":4,"minecraft:tune_noteblock":5,"minecraft:sleep_in_bed":5,"minecraft:time_since_rest":65164,"minecraft:damage_taken":9839,"minecraft:damage_dealt":28524,"minecraft:swim_one_cm":91370,"minecraft:fly_one_cm":2234528,"minecraft:open_chest":144,"minecraft:crouch_one_cm":45154,"tombstone:undead_killed":85,"tombstone:villager_killed":1,"minecraft:interact_with_smoker":3,"minecraft:fall_one_cm":345365},"minecraft:killed_by":{"minecraft:husk":1,"mca:male_villager":1,"man:managgresive":3,"minecraft:piglin":1,"minecraft:skeleton":1,"minecraft:zombie":1,"mca:female_villager":1},"minecraft:mined":{"minecraft:dark_oak_planks":4,"minecraft:waxed_cut_copper_slab":1,"minecraft:tuff":69,"minecraft:deepslate_diamond_ore":125,"minecraft:cobbled_deepslate_slab":1,"minecraft:spruce_trapdoor":1,"minecraft:allium":1,"minecraft:grass_block":510,"minecraft:crimson_roots":1,"minecraft:soul_soil":1,"minecraft:coal_block":2,"minecraft:spruce_leaves":11,"minecraft:chiseled_stone_bricks":1,"minecraft:spawner":3,"minecraft:large_fern":11,"minecraft:furnace":4,"minecraft:iron_ore":29,"minecraft:fire":5,"minecraft:cobbled_deepslate":20,"minecraft:andesite":31,"minecraft:stripped_dark_oak_wood":2,"minecraft:azure_bluet":12,"minecraft:polished_deepslate_slab":3,"minecraft:dirt_path":4,"minecraft:deepslate_iron_ore":14,"minecraft:black_candle":1,"minecraft:pink_tulip":4,"minecraft:stone":381,"minecraft:bone_block":2,"minecraft:podzol":3,"minecraft:soul_sand":1,"minecraft:dandelion":9,"minecraft:cobbled_deepslate_wall":1,"travelersbackpack:standard":1,"minecraft:crafting_table":10,"minecraft:dark_oak_wood":4,"minecraft:calcite":13,"minecraft:rose_bush":1,"minecraft:nether_quartz_ore":4,"minecraft:copper_ore":1,"minecraft:tall_grass":28,"minecraft:cobblestone":33,"minecraft:oak_planks":19,"minecraft:diorite":8,"minecraft:warped_wart_block":3,"minecraft:red_terracotta":1,"minecraft:warped_nylium":12,"minecraft:coarse_dirt":3,"minecraft:wheat":1,"minecraft:sweet_berry_bush":19,"minecraft:spruce_log":13,"minecraft:birch_leaves":1,"minecraft:stone_brick_stairs":4,"minecraft:grass":104,"minecraft:coal_ore":40,"minecraft:oak_log":5,"minecraft:gravel":69,"minecraft:dirt":205,"minecraft:polished_andesite":1,"minecraft:stone_bricks":3,"minecraft:netherrack":281,"minecraft:deepslate":496,"minecraft:fern":11},"minecraft:crafted":{"minecraft:smooth_stone":3,"minecraft:oak_planks":40,"simpleplanes:booster":2,"minecraft:furnace":4,"minecraft:blast_furnace":1,"minecraft:stone":1,"minecraft:diamond_shovel":1,"minecraft:heavy_weighted_pressure_plate":2,"minecraft:cooked_mutton":32,"minecraft:flint_and_steel":4,"minecraft:quartz_block":1,"minecraft:glass":12,"travelersbackpack:white_sleeping_bag":1,"minecraft:diamond_helmet":3,"minecraft:diamond_leggings":3,"simpleplanes:large_plane":1,"minecraft:stone_pickaxe":1,"minecraft:chest":2,"minecraft:diamond_boots":3,"minecraft:oak_button":1,"simpleplanes:propeller":2,"simpleplanes:plane":1,"minecraft:cooked_rabbit":1,"minecraft:wheat":162,"minecraft:cooked_beef":14,"minecraft:diamond_sword":1,"minecraft:cooked_porkchop":48,"minecraft:spruce_sign":6,"minecraft:crafting_table":3,"minecraft:spruce_planks":52,"travelersbackpack:backpack_tank":2,"minecraft:wooden_pickaxe":1,"travelersbackpack:standard":1,"minecraft:iron_sword":1,"minecraft:copper_ingot":9,"minecraft:bucket":7,"minecraft:stone_axe":1,"simpleplanes:liquid_engine":1,"minecraft:bread":54,"minecraft:air":0,"minecraft:diamond_pickaxe":1,"minecraft:shield":2,"minecraft:stick":24,"minecraft:iron_ingot":34,"minecraft:iron_pickaxe":1,"minecraft:stone_sword":1,"minecraft:gold_ingot":9,"simpleplanes:wrench":1,"minecraft:diamond_chestplate":3},"minecraft:used":{"minecraft:bone_block":3,"minecraft:spruce_planks":11,"minecraft:chest":1,"minecraft:shield":40,"minecraft:iron_sword":205,"minecraft:cooked_salmon":4,"minecraft:bell":1,"minecraft:netherrack":26,"minecraft:dirt":473,"minecraft:tuff":7,"minecraft:dark_oak_planks":1,"simpleplanes:plane":2,"minecraft:sweet_berries":22,"minecraft:furnace":5,"minecraft:cooked_cod":2,"tombstone:gift":10,"minecraft:cooked_beef":11,"minecraft:cobbled_deepslate":157,"minecraft:calcite":7,"minecraft:cooked_mutton":28,"minecraft:diorite":4,"minecraft:oak_planks":8,"minecraft:stone_pickaxe":76,"minecraft:wooden_pickaxe":14,"minecraft:spruce_sign":6,"minecraft:crafting_table":12,"tombstone:bag_of_seeds":2,"minecraft:diamond_pickaxe":1453,"minecraft:apple":3,"minecraft:diamond_shovel":664,"minecraft:iron_pickaxe":84,"minecraft:oak_button":1,"minecraft:bread":22,"minecraft:brown_wool":1,"minecraft:chiseled_stone_bricks":1,"tombstone:magic_scroll":6,"minecraft:red_terracotta":1,"minecraft:spruce_trapdoor":1,"tombstone:grave_key":2,"minecraft:gravel":40,"minecraft:stone_axe":73,"simpleplanes:large_plane":2,"minecraft:diamond_sword":336,"minecraft:cobblestone":572,"travelersbackpack:standard":7,"minecraft:cooked_porkchop":43,"minecraft:cooked_rabbit":1,"minecraft:andesite":8,"minecraft:bucket":8,"minecraft:oak_boat":5,"minecraft:coarse_dirt":5,"minecraft:stone_sword":140},"minecraft:picked_up":{"minecraft:coarse_dirt":5,"minecraft:iron_chestplate":1,"minecraft:crafting_table":10,"minecraft:wheat":1,"minecraft:azure_bluet":20,"simpleplanes:propeller":1,"minecraft:ladder":1,"minecraft:clay_ball":8,"minecraft:brown_mushroom":4,"minecraft:enchanted_book":1,"minecraft:stone_brick_stairs":2,"minecraft:string":4,"minecraft:waxed_cut_copper_slab":1,"minecraft:raw_copper":2,"minecraft:iron_leggings":2,"alexsmobs:dropbear_claw":1,"alexsmobs:blood_sac":2,"minecraft:cobbled_deepslate":163,"minecraft:beef":20,"minecraft:white_tulip":2,"minecraft:oak_boat":6,"minecraft:rose_bush":1,"minecraft:calcite":12,"minecraft:iron_nugget":1,"minecraft:light_gray_wool":2,"minecraft:coal_block":2,"minecraft:spruce_trapdoor":1,"minecraft:iron_boots":4,"minecraft:furnace":4,"minecraft:polished_deepslate_slab":1,"minecraft:raw_iron":43,"minecraft:stripped_mangrove_wood":1,"minecraft:porkchop":89,"tombstone:grave_dust":15,"minecraft:diorite":8,"minecraft:carrot":2,"minecraft:dark_oak_planks":4,"minecraft:arrow":27,"minecraft:rotten_flesh":48,"minecraft:diamond_chestplate":2,"minecraft:pink_tulip":6,"minecraft:gold_ingot":15,"minecraft:mutton":30,"minecraft:bone_block":2,"minecraft:skeleton_skull":1,"minecraft:white_wool":24,"minecraft:cobblestone":362,"minecraft:andesite":19,"minecraft:leather":6,"minecraft:brown_wool":1,"minecraft:potato":2,"minecraft:flint":4,"minecraft:tuff":7,"minecraft:oak_log":10,"minecraft:lily_pad":4,"minecraft:gunpowder":1,"alexsmobs:mosquito_proboscis":1,"minecraft:dirt":584,"tombstone:gift":1,"minecraft:cooked_mutton":1,"minecraft:bone":30,"minecraft:stone_bricks":3,"minecraft:wheat_seeds":22,"minecraft:cobbled_deepslate_slab":1,"minecraft:bell":1,"minecraft:iron_ingot":51,"minecraft:stone_pickaxe":3,"minecraft:cobweb":3,"tombstone:bag_of_seeds":1,"minecraft:rabbit":1,"minecraft:iron_sword":1,"minecraft:oak_planks":57,"minecraft:warped_fungus":2,"minecraft:black_candle":8,"simpleplanes:plane":1,"minecraft:cooked_porkchop":12,"minecraft:chiseled_stone_bricks":1,"minecraft:sweet_berries":27,"minecraft:warped_wart_block":2,"minecraft:quartz":4,"minecraft:dandelion":26,"minecraft:gravel":48,"travelersbackpack:standard":1,"minecraft:ink_sac":1,"minecraft:spruce_log":13,"minecraft:red_terracotta":1,"minecraft:spider_eye":3,"minecraft:polished_andesite":1,"minecraft:bundle":4,"minecraft:oak_wood":1,"minecraft:diamond":125,"minecraft:stone_axe":1,"minecraft:iron_helmet":1,"simpleplanes:large_plane":3,"minecraft:warped_roots":2,"tombstone:magic_scroll":1,"minecraft:netherrack":293,"minecraft:coal":57},"minecraft:broken":{"minecraft:stone_sword":1},"minecraft:killed":{"mca:female_zombie_villager":1,"minecraft:spider":8,"alexsmobs:seagull":1,"minecraft:skeleton":32,"minecraft:drowned":1,"minecraft:piglin":3,"minecraft:husk":6,"minecraft:pig":40,"minecraft:rabbit":1,"minecraft:creeper":1,"alexsmobs:crimson_mosquito":2,"minecraft:sheep":22,"minecraft:pillager":4,"minecraft:zombie":45,"alexsmobs:crow":1,"mca:female_villager":1,"minecraft:cow":11},"minecraft:dropped":{"minecraft:enchanted_book":1,"minecraft:iron_ingot":31,"minecraft:bread":2,"minecraft:iron_sword":1,"minecraft:brown_mushroom":4,"minecraft:porkchop":8,"minecraft:wheat_seeds":11,"minecraft:cooked_beef":3,"minecraft:diamond":10,"minecraft:cooked_porkchop":11,"minecraft:diamond_leggings":2,"minecraft:iron_helmet":1,"minecraft:prismarine_crystals":4,"minecraft:stick":2,"minecraft:cobweb":3,"minecraft:black_candle":4,"minecraft:diorite":1,"minecraft:ink_sac":1,"tombstone:magic_scroll":1,"tombstone:grave_key":1,"minecraft:rose_bush":1,"minecraft:diamond_helmet":2,"tombstone:grave_dust":5,"minecraft:iron_leggings":1,"minecraft:glistering_melon_slice":5,"minecraft:lily_pad":4,"minecraft:white_wool":13,"minecraft:dandelion":26,"minecraft:bone":5,"minecraft:waxed_cut_copper_slab":1,"minecraft:gravel":3,"minecraft:stone_axe":1,"minecraft:sweet_berries":7,"minecraft:iron_nugget":1,"minecraft:cobbled_deepslate":64,"minecraft:rotten_flesh":32,"minecraft:iron_boots":2,"minecraft:cooked_mutton":3,"minecraft:azure_bluet":20,"minecraft:filled_map":1,"minecraft:shield":1,"minecraft:diamond_chestplate":4,"minecraft:bundle":1,"minecraft:andesite":2,"minecraft:ladder":1,"minecraft:spider_eye":2,"minecraft:stone_bricks":1,"minecraft:diamond_boots":2,"minecraft:stone_pickaxe":3,"minecraft:stone_brick_stairs":2}},"DataVersion":3465}