{"stats":{"minecraft:killed_by":{"man:managgresive":3,"minecraft:piglin":1,"minecraft:zombie":1,"mca:female_villager":1,"minecraft:husk":1,"mca:male_villager":1,"minecraft:skeleton":1},"minecraft:custom":{"minecraft:interact_with_crafting_table":54,"minecraft:open_barrel":11,"minecraft:eat_cake_slice":3,"minecraft:leave_game":5,"minecraft:time_since_death":62063,"minecraft:damage_resisted":45,"minecraft:sprint_one_cm":1087764,"minecraft:damage_blocked_by_shield":3825,"minecraft:drop":116,"minecraft:talked_to_villager":2,"minecraft:play_time":661942,"minecraft:deaths":10,"minecraft:jump":12679,"minecraft:walk_on_water_one_cm":31956,"minecraft:enchant_item":1,"minecraft:interact_with_furnace":108,"minecraft:sleep_in_bed":5,"minecraft:damage_dealt":45808,"minecraft:player_kills":2,"minecraft:crouch_one_cm":54766,"tombstone:undead_killed":139,"tombstone:villager_killed":2,"minecraft:interact_with_smoker":3,"minecraft:mob_kills":253,"minecraft:damage_dealt_resisted":350,"minecraft:climb_one_cm":13519,"minecraft:walk_one_cm":836805,"minecraft:sneak_time":17548,"minecraft:walk_under_water_one_cm":14632,"minecraft:boat_one_cm":337029,"minecraft:interact_with_blast_furnace":2,"minecraft:total_world_time":661942,"tombstone:raider_killed":5,"minecraft:tune_noteblock":6,"minecraft:time_since_rest":59255,"minecraft:damage_taken":12830,"minecraft:swim_one_cm":95877,"minecraft:fly_one_cm":2719205,"minecraft:open_chest":165,"minecraft:fall_one_cm":410979},"minecraft:mined":{"minecraft:dark_oak_planks":4,"minecraft:waxed_cut_copper_slab":1,"minecraft:red_nether_bricks":9,"minecraft:spruce_trapdoor":1,"minecraft:grass_block":510,"minecraft:soul_soil":1,"minecraft:coal_block":2,"minecraft:oak_wall_sign":1,"minecraft:chiseled_stone_bricks":1,"minecraft:spawner":10,"minecraft:iron_ore":29,"minecraft:cobbled_deepslate":29,"minecraft:fire":5,"minecraft:nether_brick_stairs":1,"minecraft:stripped_dark_oak_wood":2,"minecraft:azure_bluet":12,"minecraft:polished_deepslate_slab":3,"minecraft:dirt_path":5,"minecraft:black_candle":1,"minecraft:pink_tulip":4,"minecraft:stripped_mangrove_wood":3,"minecraft:player_head":1,"minecraft:waxed_cut_copper_stairs":1,"minecraft:dark_oak_wood":4,"minecraft:calcite":20,"minecraft:poppy":2,"minecraft:nether_quartz_ore":4,"minecraft:cobblestone":35,"minecraft:birch_wood":2,"minecraft:oak_planks":23,"mca:cross_headstone":1,"minecraft:skeleton_skull":1,"minecraft:warped_nylium":12,"minecraft:birch_log":2,"minecraft:wheat":2,"minecraft:birch_trapdoor":3,"minecraft:birch_door":1,"minecraft:stone_brick_stairs":4,"minecraft:smooth_stone_slab":1,"minecraft:grass":114,"minecraft:oak_log":5,"minecraft:dirt":211,"minecraft:netherrack":281,"minecraft:oak_leaves":1,"minecraft:deepslate":496,"minecraft:tuff":69,"minecraft:stripped_mangrove_log":3,"minecraft:deepslate_diamond_ore":125,"minecraft:cobbled_deepslate_slab":1,"minecraft:allium":2,"minecraft:crimson_roots":1,"minecraft:spruce_leaves":11,"minecraft:moss_block":1,"minecraft:large_fern":11,"minecraft:hay_block":22,"minecraft:furnace":4,"minecraft:andesite":31,"minecraft:peony":1,"minecraft:deepslate_iron_ore":14,"minecraft:stone":382,"minecraft:bone_block":2,"minecraft:podzol":3,"minecraft:soul_sand":1,"minecraft:dandelion":10,"travelersbackpack:standard":1,"minecraft:crafting_table":10,"minecraft:cobbled_deepslate_wall":1,"minecraft:rose_bush":1,"minecraft:tall_grass":40,"minecraft:copper_ore":1,"minecraft:diorite":9,"minecraft:warped_wart_block":3,"minecraft:red_terracotta":1,"minecraft:coarse_dirt":3,"minecraft:redstone_torch":1,"minecraft:sweet_berry_bush":19,"minecraft:spruce_log":13,"minecraft:birch_leaves":3,"minecraft:coal_ore":78,"minecraft:cyan_carpet":1,"minecraft:gravel":69,"minecraft:cobweb":2,"minecraft:polished_andesite":1,"minecraft:stone_bricks":3,"minecraft:fern":11},"minecraft:crafted":{"minecraft:smooth_stone":3,"minecraft:oak_planks":44,"minecraft:stone":1,"minecraft:diamond_shovel":1,"minecraft:heavy_weighted_pressure_plate":2,"minecraft:cooked_mutton":32,"minecraft:glass":12,"minecraft:quartz_block":1,"minecraft:diamond_helmet":3,"minecraft:diamond_leggings":3,"simpleplanes:large_plane":1,"minecraft:chest":2,"minecraft:oak_button":1,"simpleplanes:plane":1,"minecraft:cooked_rabbit":1,"minecraft:cooked_porkchop":48,"minecraft:crafting_table":3,"minecraft:spruce_planks":52,"minecraft:wooden_pickaxe":1,"travelersbackpack:standard":1,"minecraft:copper_ingot":9,"minecraft:birch_planks":8,"minecraft:diamond_pickaxe":1,"minecraft:shield":3,"minecraft:stick":32,"minecraft:iron_pickaxe":1,"minecraft:iron_ingot":34,"minecraft:stone_sword":1,"minecraft:gold_ingot":9,"minecraft:shears":1,"simpleplanes:booster":2,"minecraft:furnace":4,"minecraft:blast_furnace":1,"minecraft:flint_and_steel":4,"travelersbackpack:white_sleeping_bag":1,"minecraft:iron_hoe":1,"minecraft:stone_pickaxe":1,"minecraft:diamond_boots":3,"simpleplanes:propeller":2,"minecraft:wheat":360,"minecraft:cooked_beef":14,"minecraft:diamond_sword":1,"minecraft:spruce_sign":6,"travelersbackpack:backpack_tank":2,"minecraft:iron_sword":1,"tombstone:ankh_of_pray":1,"minecraft:bucket":7,"minecraft:stone_axe":1,"simpleplanes:liquid_engine":1,"minecraft:bread":120,"minecraft:air":0,"minecraft:oak_boat":1,"simpleplanes:wrench":1,"minecraft:diamond_chestplate":3},"minecraft:used":{"minecraft:bone_block":3,"minecraft:chest":1,"minecraft:shield":46,"minecraft:iron_sword":205,"minecraft:bell":1,"minecraft:carrot":9,"minecraft:tuff":7,"simpleplanes:plane":2,"minecraft:sweet_berries":22,"minecraft:furnace":5,"minecraft:cooked_cod":2,"minecraft:diorite":4,"minecraft:oak_planks":8,"minecraft:stone_pickaxe":76,"minecraft:wooden_pickaxe":14,"minecraft:redstone_torch":1,"minecraft:bread":72,"minecraft:brown_wool":1,"minecraft:red_terracotta":1,"tombstone:grave_key":3,"minecraft:gravel":40,"simpleplanes:large_plane":7,"minecraft:diamond_sword":672,"minecraft:cooked_rabbit":1,"minecraft:andesite":8,"minecraft:oak_boat":6,"minecraft:coarse_dirt":5,"minecraft:stone_sword":140,"minecraft:spruce_planks":11,"minecraft:cooked_salmon":4,"minecraft:netherrack":26,"minecraft:dirt":474,"minecraft:iron_hoe":11,"minecraft:dark_oak_planks":1,"tombstone:ankh_of_pray":2,"tombstone:gift":10,"minecraft:cooked_beef":11,"minecraft:cobbled_deepslate":229,"minecraft:calcite":7,"minecraft:wheat_seeds":12,"minecraft:cooked_mutton":28,"minecraft:water_bucket":2,"minecraft:spruce_sign":6,"minecraft:crafting_table":12,"tombstone:bag_of_seeds":2,"minecraft:diamond_pickaxe":1540,"minecraft:apple":3,"minecraft:diamond_shovel":666,"minecraft:oak_button":1,"minecraft:iron_pickaxe":84,"tombstone:magic_scroll":6,"minecraft:spruce_trapdoor":1,"minecraft:stone_axe":110,"minecraft:chiseled_stone_bricks":1,"minecraft:cobblestone":594,"travelersbackpack:standard":16,"minecraft:cooked_porkchop":43,"minecraft:bucket":11},"minecraft:picked_up":{"minecraft:iron_chestplate":1,"minecraft:wheat":2,"minecraft:enchanted_book":1,"minecraft:stone_brick_stairs":2,"minecraft:string":7,"minecraft:waxed_cut_copper_slab":1,"minecraft:raw_copper":2,"minecraft:red_nether_bricks":9,"minecraft:iron_leggings":2,"minecraft:zombie_head":1,"minecraft:beetroot":1,"alexsmobs:dropbear_claw":1,"alexsmobs:blood_sac":2,"minecraft:cobbled_deepslate":171,"minecraft:white_tulip":2,"minecraft:redstone_torch":2,"minecraft:rose_bush":1,"minecraft:calcite":19,"minecraft:coal_block":2,"minecraft:furnace":4,"minecraft:iron_boots":4,"minecraft:stick":1,"minecraft:birch_trapdoor":5,"minecraft:porkchop":89,"tombstone:grave_dust":26,"minecraft:diorite":9,"minecraft:rotten_flesh":69,"minecraft:cobblestone":384,"minecraft:birch_log":2,"minecraft:feather":4,"minecraft:andesite":19,"minecraft:brown_wool":1,"minecraft:potato":2,"minecraft:flint":4,"minecraft:tuff":7,"minecraft:dirt":629,"minecraft:bone":49,"minecraft:wheat_seeds":38,"minecraft:cobbled_deepslate_slab":1,"minecraft:bell":1,"minecraft:birch_wood":2,"minecraft:rabbit":1,"minecraft:oak_planks":58,"simpleplanes:plane":1,"minecraft:cooked_porkchop":12,"minecraft:warped_wart_block":2,"minecraft:nether_brick_stairs":1,"minecraft:ink_sac":1,"minecraft:red_terracotta":1,"minecraft:bundle":6,"minecraft:polished_andesite":1,"minecraft:diamond":125,"simpleplanes:large_plane":7,"minecraft:golden_apple":2,"minecraft:bread":8,"minecraft:netherrack":293,"minecraft:coarse_dirt":5,"minecraft:crafting_table":10,"minecraft:allium":1,"minecraft:clay_ball":8,"minecraft:azure_bluet":20,"minecraft:chicken":1,"minecraft:ladder":1,"simpleplanes:propeller":1,"minecraft:brown_mushroom":4,"minecraft:stripped_mangrove_log":3,"minecraft:oak_trapdoor":16,"minecraft:cyan_carpet":1,"graveyard:corruption":1,"minecraft:beef":35,"minecraft:oak_boat":7,"minecraft:player_head":1,"minecraft:iron_nugget":1,"minecraft:poppy":2,"minecraft:light_gray_wool":2,"minecraft:spruce_trapdoor":1,"minecraft:raw_iron":43,"minecraft:stripped_mangrove_wood":2,"minecraft:polished_deepslate_slab":1,"minecraft:carrot":9,"minecraft:dark_oak_planks":4,"minecraft:arrow":37,"minecraft:diamond_chestplate":2,"minecraft:hay_block":22,"minecraft:pink_tulip":6,"minecraft:gold_ingot":15,"minecraft:mutton":30,"minecraft:white_wool":24,"minecraft:skeleton_skull":2,"minecraft:bone_block":2,"minecraft:leather":10,"minecraft:oak_log":10,"minecraft:lily_pad":4,"minecraft:gunpowder":1,"alexsmobs:mosquito_proboscis":1,"tombstone:gift":1,"minecraft:cooked_mutton":1,"minecraft:stone_bricks":3,"minecraft:iron_ingot":51,"minecraft:stone_pickaxe":3,"minecraft:cobweb":3,"tombstone:bag_of_seeds":1,"minecraft:glass_bottle":2,"minecraft:iron_sword":1,"minecraft:warped_fungus":2,"minecraft:black_candle":8,"minecraft:sweet_berries":27,"minecraft:chiseled_stone_bricks":1,"minecraft:quartz":4,"minecraft:dandelion":27,"minecraft:gravel":48,"minecraft:spruce_log":13,"minecraft:spider_eye":4,"travelersbackpack:standard":1,"minecraft:oak_wood":15,"minecraft:stone_axe":2,"minecraft:iron_helmet":1,"minecraft:warped_roots":2,"minecraft:baked_potato":4,"tombstone:magic_scroll":1,"minecraft:coal":84},"minecraft:broken":{"minecraft:stone_sword":1,"minecraft:shield":1},"minecraft:killed":{"minecraft:witch":1,"minecraft:spider":10,"minecraft:skeleton":48,"minecraft:piglin":3,"minecraft:pig":40,"minecraft:creeper":2,"alexsmobs:crimson_mosquito":2,"minecraft:sheep":22,"minecraft:pillager":4,"minecraft:zombie":66,"minecraft:cow":17,"mca:female_zombie_villager":1,"graveyard:nightmare":1,"alexsmobs:seagull":2,"minecraft:drowned":1,"minecraft:husk":23,"minecraft:rabbit":1,"alexsmobs:crow":1,"mca:female_villager":2},"minecraft:dropped":{"minecraft:iron_sword":1,"minecraft:brown_mushroom":4,"minecraft:porkchop":8,"minecraft:cooked_beef":3,"minecraft:baked_potato":4,"minecraft:diamond":10,"minecraft:cooked_porkchop":11,"minecraft:glistering_melon_slice":5,"minecraft:white_wool":13,"minecraft:bone":6,"minecraft:waxed_cut_copper_slab":1,"minecraft:gravel":3,"minecraft:stone_axe":2,"minecraft:iron_nugget":1,"minecraft:cobbled_deepslate":64,"minecraft:rotten_flesh":49,"minecraft:cooked_mutton":3,"minecraft:azure_bluet":20,"minecraft:birch_trapdoor":4,"minecraft:ladder":1,"minecraft:stone_brick_stairs":2,"minecraft:enchanted_book":1,"minecraft:iron_ingot":31,"minecraft:bread":18,"minecraft:wheat_seeds":11,"minecraft:diamond_leggings":2,"minecraft:prismarine_crystals":4,"minecraft:iron_helmet":1,"minecraft:stick":2,"minecraft:cobweb":3,"minecraft:black_candle":4,"minecraft:diorite":2,"minecraft:ink_sac":1,"tombstone:magic_scroll":1,"tombstone:grave_key":1,"minecraft:rose_bush":1,"minecraft:zombie_head":1,"minecraft:diamond_helmet":2,"tombstone:grave_dust":5,"minecraft:iron_leggings":1,"minecraft:lily_pad":4,"minecraft:dandelion":26,"minecraft:sweet_berries":7,"minecraft:oak_trapdoor":8,"minecraft:iron_boots":2,"minecraft:filled_map":1,"minecraft:shield":1,"minecraft:allium":1,"minecraft:diamond_chestplate":4,"minecraft:bundle":1,"minecraft:andesite":2,"minecraft:spider_eye":3,"minecraft:stone_bricks":1,"minecraft:diamond_boots":2,"minecraft:stone_pickaxe":3}},"DataVersion":3465}