{"stats":{"minecraft:custom":{"minecraft:jump":130,"minecraft:time_since_rest":9240,"minecraft:crouch_one_cm":124,"minecraft:damage_dealt":32,"minecraft:sprint_one_cm":8862,"minecraft:play_time":9240,"minecraft:damage_taken":70,"minecraft:time_since_death":9240,"minecraft:walk_one_cm":4145,"minecraft:sneak_time":33,"minecraft:total_world_time":9240,"minecraft:interact_with_crafting_table":1,"minecraft:fall_one_cm":5624,"minecraft:fly_one_cm":33129},"minecraft:mined":{"minecraft:grass":5,"minecraft:oak_log":5},"minecraft:crafted":{"minecraft:crafting_table":1,"minecraft:oak_planks":20,"minecraft:stick":4,"minecraft:wooden_pickaxe":1},"minecraft:picked_up":{"minecraft:oak_log":5},"minecraft:used":{"minecraft:crafting_table":1}},"DataVersion":3465}