{"stats":{"minecraft:custom":{"minecraft:time_since_rest":3212,"minecraft:interact_with_furnace":2,"minecraft:sprint_one_cm":32409,"minecraft:damage_taken":185,"minecraft:walk_one_cm":32562,"minecraft:mob_kills":8,"minecraft:damage_dealt":1022,"minecraft:interact_with_crafting_table":2,"minecraft:fly_one_cm":88301,"minecraft:open_chest":4,"minecraft:crouch_one_cm":447,"minecraft:play_time":21240,"tombstone:undead_killed":1,"minecraft:sneak_time":169,"tombstone:villager_killed":1,"minecraft:jump":528,"minecraft:time_since_death":21240,"minecraft:walk_on_water_one_cm":153,"minecraft:sleep_in_bed":2,"minecraft:interact_with_smoker":3,"minecraft:total_world_time":21240,"minecraft:climb_one_cm":1276,"minecraft:fall_one_cm":17368},"minecraft:mined":{"minecraft:large_fern":2,"minecraft:crafting_table":1,"minecraft:grass":11,"minecraft:grass_block":1,"minecraft:oak_log":5,"minecraft:tall_grass":3,"minecraft:stone":14},"minecraft:crafted":{"minecraft:cooked_beef":4,"minecraft:oak_planks":20,"minecraft:crafting_table":2,"minecraft:stick":8,"minecraft:wooden_pickaxe":1,"minecraft:stone_pickaxe":1,"minecraft:stone_sword":1,"minecraft:stone_axe":1,"minecraft:air":0},"minecraft:killed":{"minecraft:sheep":1,"minecraft:zombie":1,"minecraft:pig":1,"mca:female_villager":1,"minecraft:cow":4},"minecraft:picked_up":{"minecraft:iron_chestplate":1,"minecraft:crafting_table":1,"minecraft:brown_wool":1,"minecraft:leather":3,"minecraft:porkchop":1,"minecraft:oak_log":5,"minecraft:iron_leggings":1,"minecraft:wheat_seeds":1,"minecraft:iron_helmet":1,"minecraft:beef":7,"minecraft:mutton":1,"minecraft:iron_boots":1,"minecraft:cobblestone":15},"minecraft:used":{"minecraft:stone_sword":27,"minecraft:bread":5,"minecraft:wooden_pickaxe":14,"minecraft:stone_axe":1,"minecraft:crafting_table":2}},"DataVersion":3465}