{"stats":{"minecraft:killed_by":{"minecraft:husk":1,"man:managgresive":1,"minecraft:skeleton":1},"minecraft:custom":{"minecraft:interact_with_furnace":11,"minecraft:mob_kills":37,"minecraft:interact_with_crafting_table":4,"minecraft:open_barrel":6,"minecraft:time_since_death":12991,"minecraft:sleep_in_bed":2,"minecraft:climb_one_cm":3934,"minecraft:time_since_rest":4264,"minecraft:sprint_one_cm":170277,"minecraft:damage_taken":2089,"minecraft:walk_one_cm":97902,"minecraft:drop":7,"minecraft:damage_dealt":6598,"minecraft:swim_one_cm":10755,"minecraft:talked_to_villager":1,"minecraft:fly_one_cm":406536,"minecraft:open_chest":6,"minecraft:crouch_one_cm":3215,"minecraft:play_time":63240,"tombstone:undead_killed":14,"minecraft:deaths":3,"minecraft:sneak_time":1046,"minecraft:walk_under_water_one_cm":408,"tombstone:villager_killed":1,"minecraft:jump":1620,"minecraft:interact_with_blast_furnace":2,"minecraft:walk_on_water_one_cm":3743,"minecraft:total_world_time":63240,"minecraft:interact_with_smoker":3,"minecraft:fall_one_cm":50005},"minecraft:mined":{"minecraft:dark_oak_planks":4,"minecraft:waxed_cut_copper_slab":1,"minecraft:crafting_table":1,"minecraft:spruce_trapdoor":1,"minecraft:grass_block":2,"minecraft:calcite":12,"minecraft:coal_block":2,"minecraft:tall_grass":4,"minecraft:diorite":4,"minecraft:spawner":3,"minecraft:large_fern":2,"minecraft:red_terracotta":1,"minecraft:furnace":1,"minecraft:wheat":1,"minecraft:grass":18,"minecraft:oak_log":5,"minecraft:dirt":2,"minecraft:stone":14},"minecraft:dropped":{"minecraft:bread":2,"minecraft:cooked_beef":3,"tombstone:grave_key":1,"minecraft:ladder":1},"minecraft:broken":{"minecraft:stone_sword":1},"minecraft:crafted":{"minecraft:cooked_beef":13,"minecraft:oak_planks":20,"minecraft:crafting_table":2,"minecraft:wooden_pickaxe":1,"minecraft:iron_sword":1,"minecraft:stone_axe":1,"minecraft:air":0,"minecraft:stick":12,"minecraft:stone_pickaxe":1,"minecraft:stone_sword":1},"minecraft:killed":{"minecraft:husk":6,"minecraft:pig":9,"minecraft:spider":2,"minecraft:sheep":1,"minecraft:skeleton":3,"minecraft:zombie":5,"mca:female_villager":1,"minecraft:cow":9},"minecraft:picked_up":{"minecraft:crafting_table":1,"minecraft:iron_chestplate":1,"minecraft:wheat":1,"minecraft:ladder":1,"minecraft:clay_ball":8,"minecraft:leather":6,"minecraft:brown_wool":1,"minecraft:oak_log":5,"minecraft:waxed_cut_copper_slab":1,"minecraft:dirt":3,"tombstone:gift":1,"minecraft:iron_leggings":1,"minecraft:bone":4,"minecraft:wheat_seeds":6,"minecraft:beef":17,"minecraft:stone_pickaxe":1,"minecraft:calcite":12,"minecraft:coal_block":2,"minecraft:spruce_trapdoor":1,"minecraft:furnace":1,"minecraft:iron_boots":1,"minecraft:stripped_mangrove_wood":1,"minecraft:porkchop":18,"tombstone:grave_dust":1,"minecraft:diorite":5,"minecraft:red_terracotta":1,"minecraft:spider_eye":2,"minecraft:dark_oak_planks":4,"minecraft:bundle":1,"minecraft:oak_wood":1,"minecraft:arrow":6,"minecraft:rotten_flesh":17,"minecraft:iron_helmet":1,"minecraft:mutton":1,"minecraft:coal":2,"minecraft:skeleton_skull":1,"minecraft:cobblestone":15},"minecraft:used":{"minecraft:calcite":7,"minecraft:diorite":3,"minecraft:stone_sword":140,"minecraft:stone_pickaxe":26,"minecraft:oak_planks":1,"minecraft:wooden_pickaxe":14,"minecraft:iron_sword":35,"minecraft:dirt":3,"minecraft:crafting_table":3,"minecraft:bread":9,"minecraft:brown_wool":1,"minecraft:spruce_trapdoor":1,"minecraft:stone_axe":4,"minecraft:cobblestone":7,"tombstone:gift":8,"minecraft:cooked_beef":10}},"DataVersion":3465}