{"stats":{"minecraft:custom":{"minecraft:mob_kills":70,"minecraft:interact_with_crafting_table":15,"minecraft:open_barrel":6,"minecraft:time_since_death":5102,"minecraft:climb_one_cm":7164,"minecraft:sprint_one_cm":371841,"minecraft:walk_one_cm":200915,"minecraft:damage_blocked_by_shield":600,"minecraft:drop":32,"minecraft:talked_to_villager":1,"minecraft:play_time":159240,"minecraft:deaths":4,"minecraft:sneak_time":2881,"minecraft:walk_under_water_one_cm":8503,"minecraft:boat_one_cm":299077,"minecraft:jump":4183,"minecraft:interact_with_blast_furnace":2,"minecraft:walk_on_water_one_cm":18195,"minecraft:total_world_time":159240,"minecraft:interact_with_furnace":40,"minecraft:sleep_in_bed":2,"minecraft:time_since_rest":3042,"minecraft:damage_taken":4181,"minecraft:damage_dealt":12049,"minecraft:fly_one_cm":1054452,"minecraft:swim_one_cm":72008,"minecraft:open_chest":17,"minecraft:crouch_one_cm":6804,"tombstone:undead_killed":30,"tombstone:villager_killed":1,"minecraft:interact_with_smoker":3,"minecraft:fall_one_cm":135604},"minecraft:killed_by":{"minecraft:husk":1,"mca:male_villager":1,"man:managgresive":1,"minecraft:skeleton":1},"minecraft:mined":{"minecraft:dark_oak_planks":4,"minecraft:waxed_cut_copper_slab":1,"minecraft:spruce_trapdoor":1,"minecraft:grass_block":3,"minecraft:coal_block":2,"minecraft:spawner":3,"minecraft:large_fern":11,"minecraft:furnace":4,"minecraft:iron_ore":2,"minecraft:stripped_dark_oak_wood":2,"minecraft:dirt_path":1,"minecraft:black_candle":1,"minecraft:stone":31,"minecraft:bone_block":2,"minecraft:podzol":3,"minecraft:crafting_table":6,"minecraft:dark_oak_wood":4,"minecraft:calcite":12,"minecraft:rose_bush":1,"minecraft:tall_grass":9,"minecraft:cobblestone":7,"minecraft:oak_planks":19,"minecraft:diorite":4,"minecraft:red_terracotta":1,"minecraft:coarse_dirt":3,"minecraft:wheat":1,"minecraft:sweet_berry_bush":19,"minecraft:stone_brick_stairs":3,"minecraft:grass":30,"minecraft:coal_ore":9,"minecraft:oak_log":5,"minecraft:dirt":28,"minecraft:stone_bricks":3,"minecraft:fern":11},"minecraft:dropped":{"minecraft:enchanted_book":1,"minecraft:iron_ingot":23,"minecraft:bread":2,"minecraft:wheat_seeds":1,"minecraft:cooked_beef":3,"minecraft:prismarine_crystals":4,"minecraft:cobweb":3,"minecraft:black_candle":4,"minecraft:ink_sac":1,"tombstone:magic_scroll":1,"tombstone:grave_key":1,"minecraft:lily_pad":4,"minecraft:white_wool":1,"minecraft:bone":2,"minecraft:waxed_cut_copper_slab":1,"minecraft:iron_nugget":1,"minecraft:rotten_flesh":21,"minecraft:filled_map":1,"minecraft:shield":1,"minecraft:bundle":1,"minecraft:andesite":2,"minecraft:ladder":1,"minecraft:spider_eye":2,"minecraft:stone_pickaxe":2},"minecraft:broken":{"minecraft:stone_sword":1},"minecraft:crafted":{"minecraft:oak_planks":20,"minecraft:furnace":2,"minecraft:cooked_mutton":3,"minecraft:glass":12,"minecraft:stone_pickaxe":1,"minecraft:oak_button":1,"minecraft:cooked_rabbit":1,"minecraft:cooked_beef":14,"minecraft:cooked_porkchop":17,"minecraft:crafting_table":3,"travelersbackpack:backpack_tank":2,"minecraft:wooden_pickaxe":1,"minecraft:iron_sword":1,"minecraft:stone_axe":1,"minecraft:air":0,"minecraft:shield":2,"minecraft:stick":12,"minecraft:stone_sword":1},"minecraft:killed":{"mca:female_zombie_villager":1,"minecraft:spider":3,"minecraft:skeleton":9,"minecraft:drowned":1,"minecraft:husk":6,"minecraft:pig":17,"minecraft:rabbit":1,"minecraft:sheep":5,"minecraft:zombie":13,"mca:female_villager":1,"minecraft:cow":11},"minecraft:picked_up":{"minecraft:coarse_dirt":5,"minecraft:iron_chestplate":1,"minecraft:crafting_table":6,"minecraft:wheat":1,"minecraft:ladder":1,"minecraft:clay_ball":8,"minecraft:brown_mushroom":4,"minecraft:enchanted_book":1,"minecraft:stone_brick_stairs":1,"minecraft:waxed_cut_copper_slab":1,"minecraft:iron_leggings":1,"minecraft:beef":20,"minecraft:oak_boat":6,"minecraft:rose_bush":1,"minecraft:calcite":12,"minecraft:iron_nugget":1,"minecraft:coal_block":2,"minecraft:spruce_trapdoor":1,"minecraft:iron_boots":1,"minecraft:furnace":4,"minecraft:raw_iron":2,"minecraft:stripped_mangrove_wood":1,"minecraft:porkchop":37,"tombstone:grave_dust":6,"minecraft:diorite":5,"minecraft:carrot":1,"minecraft:dark_oak_planks":4,"minecraft:arrow":14,"minecraft:rotten_flesh":24,"minecraft:mutton":4,"minecraft:bone_block":2,"minecraft:skeleton_skull":1,"minecraft:white_wool":4,"minecraft:cobblestone":37,"minecraft:andesite":2,"minecraft:brown_wool":1,"minecraft:leather":6,"minecraft:potato":2,"minecraft:oak_log":5,"minecraft:lily_pad":4,"minecraft:dirt":40,"tombstone:gift":1,"minecraft:cooked_mutton":1,"minecraft:bone":14,"minecraft:stone_bricks":3,"minecraft:wheat_seeds":7,"minecraft:bell":1,"minecraft:stone_pickaxe":3,"minecraft:cobweb":3,"minecraft:rabbit":1,"minecraft:oak_planks":19,"minecraft:black_candle":8,"minecraft:sweet_berries":27,"minecraft:gravel":1,"minecraft:ink_sac":1,"minecraft:red_terracotta":1,"minecraft:spider_eye":2,"minecraft:bundle":3,"minecraft:oak_wood":1,"minecraft:iron_helmet":1,"tombstone:magic_scroll":1,"minecraft:coal":26},"minecraft:used":{"minecraft:stone_sword":140,"minecraft:bone_block":3,"minecraft:shield":9,"minecraft:iron_sword":185,"minecraft:bell":1,"minecraft:cooked_salmon":4,"minecraft:dirt":6,"minecraft:dark_oak_planks":1,"minecraft:sweet_berries":22,"minecraft:furnace":4,"minecraft:cooked_cod":2,"tombstone:gift":8,"minecraft:cooked_beef":11,"minecraft:calcite":7,"minecraft:cooked_mutton":3,"minecraft:diorite":3,"minecraft:stone_pickaxe":76,"minecraft:oak_planks":1,"minecraft:wooden_pickaxe":14,"minecraft:crafting_table":6,"minecraft:apple":3,"minecraft:bread":11,"minecraft:brown_wool":1,"minecraft:oak_button":1,"tombstone:magic_scroll":6,"minecraft:red_terracotta":1,"minecraft:spruce_trapdoor":1,"minecraft:stone_axe":42,"minecraft:cobblestone":7,"minecraft:cooked_porkchop":12,"minecraft:cooked_rabbit":1,"minecraft:oak_boat":5,"minecraft:coarse_dirt":5}},"DataVersion":3465}