{"stats":{"minecraft:custom":{"minecraft:mob_kills":117,"minecraft:interact_with_crafting_table":40,"minecraft:open_barrel":6,"minecraft:time_since_death":15326,"minecraft:climb_one_cm":7164,"minecraft:sprint_one_cm":567681,"minecraft:walk_one_cm":461023,"minecraft:damage_blocked_by_shield":2220,"minecraft:drop":74,"minecraft:talked_to_villager":1,"minecraft:play_time":285240,"minecraft:deaths":7,"minecraft:sneak_time":10322,"minecraft:walk_under_water_one_cm":10944,"minecraft:boat_one_cm":299077,"minecraft:jump":6973,"minecraft:interact_with_blast_furnace":2,"minecraft:enchant_item":1,"minecraft:walk_on_water_one_cm":22598,"minecraft:total_world_time":285240,"minecraft:interact_with_furnace":59,"tombstone:raider_killed":4,"minecraft:tune_noteblock":5,"minecraft:sleep_in_bed":2,"minecraft:time_since_rest":13413,"minecraft:damage_taken":6283,"minecraft:damage_dealt":19593,"minecraft:fly_one_cm":1558134,"minecraft:swim_one_cm":87673,"minecraft:open_chest":43,"minecraft:crouch_one_cm":33401,"tombstone:undead_killed":60,"tombstone:villager_killed":1,"minecraft:interact_with_smoker":3,"minecraft:fall_one_cm":213850},"minecraft:killed_by":{"minecraft:husk":1,"mca:male_villager":1,"man:managgresive":3,"minecraft:skeleton":1,"minecraft:zombie":1},"minecraft:mined":{"minecraft:dark_oak_planks":4,"minecraft:waxed_cut_copper_slab":1,"minecraft:tuff":69,"minecraft:deepslate_diamond_ore":125,"minecraft:spruce_trapdoor":1,"minecraft:allium":1,"minecraft:grass_block":494,"minecraft:coal_block":2,"minecraft:spruce_leaves":11,"minecraft:spawner":3,"minecraft:large_fern":11,"minecraft:furnace":4,"minecraft:iron_ore":29,"minecraft:cobbled_deepslate":20,"minecraft:andesite":10,"minecraft:stripped_dark_oak_wood":2,"minecraft:azure_bluet":12,"minecraft:deepslate_iron_ore":14,"minecraft:dirt_path":1,"minecraft:black_candle":1,"minecraft:pink_tulip":4,"minecraft:stone":152,"minecraft:bone_block":2,"minecraft:podzol":3,"minecraft:dandelion":8,"minecraft:crafting_table":10,"minecraft:dark_oak_wood":4,"minecraft:calcite":13,"minecraft:rose_bush":1,"minecraft:tall_grass":24,"minecraft:cobblestone":14,"minecraft:oak_planks":19,"minecraft:diorite":7,"minecraft:red_terracotta":1,"minecraft:coarse_dirt":3,"minecraft:wheat":1,"minecraft:sweet_berry_bush":19,"minecraft:spruce_log":13,"minecraft:stone_brick_stairs":3,"minecraft:grass":90,"minecraft:coal_ore":35,"minecraft:oak_log":5,"minecraft:gravel":14,"minecraft:dirt":144,"minecraft:stone_bricks":3,"minecraft:deepslate":496,"minecraft:fern":11},"minecraft:dropped":{"minecraft:enchanted_book":1,"minecraft:iron_ingot":31,"minecraft:bread":2,"minecraft:iron_sword":1,"minecraft:porkchop":8,"minecraft:brown_mushroom":4,"minecraft:wheat_seeds":10,"minecraft:cooked_beef":3,"minecraft:diamond":10,"minecraft:cooked_porkchop":11,"minecraft:diamond_leggings":2,"minecraft:iron_helmet":1,"minecraft:prismarine_crystals":4,"minecraft:stick":2,"minecraft:cobweb":3,"minecraft:black_candle":4,"minecraft:diorite":1,"minecraft:ink_sac":1,"tombstone:magic_scroll":1,"tombstone:grave_key":1,"minecraft:rose_bush":1,"minecraft:diamond_helmet":2,"tombstone:grave_dust":5,"minecraft:iron_leggings":1,"minecraft:glistering_melon_slice":5,"minecraft:lily_pad":4,"minecraft:white_wool":13,"minecraft:bone":2,"minecraft:waxed_cut_copper_slab":1,"minecraft:sweet_berries":7,"minecraft:iron_nugget":1,"minecraft:cobbled_deepslate":64,"minecraft:rotten_flesh":32,"minecraft:iron_boots":2,"minecraft:filled_map":1,"minecraft:shield":1,"minecraft:diamond_chestplate":4,"minecraft:bundle":1,"minecraft:andesite":2,"minecraft:ladder":1,"minecraft:stone_bricks":1,"minecraft:spider_eye":2,"minecraft:diamond_boots":2,"minecraft:stone_pickaxe":3,"minecraft:stone_brick_stairs":1},"minecraft:broken":{"minecraft:stone_sword":1},"minecraft:crafted":{"minecraft:oak_planks":20,"minecraft:furnace":3,"minecraft:diamond_shovel":1,"minecraft:cooked_mutton":4,"minecraft:glass":12,"minecraft:diamond_helmet":3,"minecraft:diamond_leggings":3,"simpleplanes:large_plane":1,"minecraft:stone_pickaxe":1,"minecraft:chest":1,"minecraft:diamond_boots":3,"minecraft:oak_button":1,"simpleplanes:propeller":2,"minecraft:cooked_rabbit":1,"minecraft:cooked_beef":14,"minecraft:diamond_sword":1,"minecraft:cooked_porkchop":35,"minecraft:crafting_table":3,"minecraft:spruce_planks":52,"travelersbackpack:backpack_tank":2,"minecraft:wooden_pickaxe":1,"minecraft:iron_sword":1,"minecraft:stone_axe":1,"minecraft:air":0,"minecraft:diamond_pickaxe":1,"minecraft:shield":2,"minecraft:stick":20,"minecraft:iron_ingot":15,"minecraft:iron_pickaxe":1,"minecraft:gold_ingot":9,"minecraft:stone_sword":1,"simpleplanes:wrench":1,"minecraft:diamond_chestplate":3},"minecraft:killed":{"mca:female_zombie_villager":1,"minecraft:spider":4,"alexsmobs:seagull":1,"minecraft:skeleton":18,"minecraft:drowned":1,"minecraft:husk":6,"minecraft:pig":27,"minecraft:rabbit":1,"minecraft:sheep":6,"minecraft:pillager":4,"minecraft:zombie":34,"mca:female_villager":1,"minecraft:cow":11},"minecraft:picked_up":{"minecraft:coarse_dirt":5,"minecraft:iron_chestplate":1,"minecraft:crafting_table":10,"minecraft:azure_bluet":20,"minecraft:wheat":1,"simpleplanes:propeller":1,"minecraft:ladder":1,"minecraft:clay_ball":8,"minecraft:brown_mushroom":4,"minecraft:enchanted_book":1,"minecraft:stone_brick_stairs":1,"minecraft:waxed_cut_copper_slab":1,"minecraft:iron_leggings":2,"minecraft:cobbled_deepslate":163,"minecraft:beef":20,"minecraft:white_tulip":2,"minecraft:oak_boat":6,"minecraft:rose_bush":1,"minecraft:calcite":12,"minecraft:iron_nugget":1,"minecraft:coal_block":2,"minecraft:spruce_trapdoor":1,"minecraft:iron_boots":4,"minecraft:furnace":4,"minecraft:raw_iron":43,"minecraft:stripped_mangrove_wood":1,"minecraft:porkchop":64,"tombstone:grave_dust":9,"minecraft:diorite":7,"minecraft:carrot":2,"minecraft:dark_oak_planks":4,"minecraft:diamond_chestplate":2,"minecraft:arrow":20,"minecraft:rotten_flesh":35,"minecraft:pink_tulip":6,"minecraft:mutton":5,"minecraft:bone_block":2,"minecraft:skeleton_skull":1,"minecraft:white_wool":14,"minecraft:cobblestone":118,"minecraft:andesite":2,"minecraft:brown_wool":1,"minecraft:leather":6,"minecraft:potato":2,"minecraft:tuff":7,"minecraft:oak_log":5,"minecraft:lily_pad":4,"minecraft:dirt":537,"tombstone:gift":1,"minecraft:cooked_mutton":1,"minecraft:bone":18,"minecraft:stone_bricks":3,"minecraft:wheat_seeds":19,"minecraft:bell":1,"minecraft:iron_ingot":11,"minecraft:stone_pickaxe":3,"minecraft:cobweb":3,"minecraft:rabbit":1,"minecraft:iron_sword":1,"minecraft:oak_planks":57,"minecraft:black_candle":8,"minecraft:cooked_porkchop":12,"minecraft:sweet_berries":27,"minecraft:dandelion":26,"minecraft:gravel":1,"minecraft:ink_sac":1,"minecraft:spruce_log":13,"minecraft:red_terracotta":1,"minecraft:spider_eye":2,"minecraft:bundle":3,"minecraft:oak_wood":1,"minecraft:diamond":125,"minecraft:iron_helmet":1,"tombstone:magic_scroll":1,"minecraft:coal":52},"minecraft:used":{"minecraft:stone_sword":140,"minecraft:bone_block":3,"minecraft:shield":28,"minecraft:iron_sword":205,"minecraft:bell":1,"minecraft:cooked_salmon":4,"minecraft:dirt":368,"minecraft:dark_oak_planks":1,"minecraft:sweet_berries":22,"minecraft:furnace":5,"minecraft:cooked_cod":2,"tombstone:gift":10,"minecraft:cooked_beef":11,"minecraft:cobbled_deepslate":154,"minecraft:calcite":7,"minecraft:cooked_mutton":4,"minecraft:diorite":3,"minecraft:stone_pickaxe":76,"minecraft:oak_planks":1,"minecraft:wooden_pickaxe":14,"minecraft:crafting_table":12,"minecraft:diamond_pickaxe":860,"minecraft:apple":3,"minecraft:diamond_shovel":605,"minecraft:iron_pickaxe":84,"minecraft:bread":11,"minecraft:brown_wool":1,"minecraft:oak_button":1,"tombstone:magic_scroll":6,"minecraft:red_terracotta":1,"minecraft:spruce_trapdoor":1,"tombstone:grave_key":1,"minecraft:stone_axe":72,"minecraft:diamond_sword":127,"minecraft:cobblestone":336,"minecraft:cooked_porkchop":30,"minecraft:cooked_rabbit":1,"minecraft:oak_boat":5,"minecraft:coarse_dirt":5}},"DataVersion":3465}