{"stats":{"minecraft:killed_by":{"minecraft:husk":1,"man:managgresive":1,"minecraft:skeleton":1},"minecraft:custom":{"minecraft:interact_with_furnace":17,"minecraft:mob_kills":41,"minecraft:interact_with_crafting_table":10,"minecraft:open_barrel":6,"minecraft:time_since_death":36991,"minecraft:sleep_in_bed":2,"minecraft:climb_one_cm":6406,"minecraft:time_since_rest":12759,"minecraft:sprint_one_cm":221064,"minecraft:damage_taken":2297,"minecraft:walk_one_cm":126386,"minecraft:drop":14,"minecraft:damage_dealt":7190,"minecraft:swim_one_cm":59585,"minecraft:talked_to_villager":1,"minecraft:fly_one_cm":572121,"minecraft:open_chest":13,"minecraft:crouch_one_cm":5172,"minecraft:play_time":87240,"tombstone:undead_killed":15,"minecraft:deaths":3,"minecraft:sneak_time":1938,"minecraft:walk_under_water_one_cm":6421,"minecraft:boat_one_cm":43109,"tombstone:villager_killed":1,"minecraft:jump":2299,"minecraft:interact_with_blast_furnace":2,"minecraft:walk_on_water_one_cm":11266,"minecraft:total_world_time":87240,"minecraft:interact_with_smoker":3,"minecraft:fall_one_cm":73158},"minecraft:mined":{"minecraft:dark_oak_planks":4,"minecraft:waxed_cut_copper_slab":1,"minecraft:crafting_table":3,"minecraft:spruce_trapdoor":1,"minecraft:dark_oak_wood":4,"minecraft:grass_block":3,"minecraft:calcite":12,"minecraft:cobblestone":7,"minecraft:coal_block":2,"minecraft:tall_grass":4,"minecraft:oak_planks":19,"minecraft:diorite":4,"minecraft:spawner":3,"minecraft:large_fern":2,"minecraft:red_terracotta":1,"minecraft:furnace":2,"minecraft:wheat":1,"minecraft:stripped_dark_oak_wood":2,"minecraft:grass":19,"minecraft:oak_log":5,"minecraft:dirt":3,"minecraft:black_candle":1,"minecraft:stone_bricks":2,"minecraft:stone":22,"minecraft:bone_block":2},"minecraft:dropped":{"minecraft:bread":2,"minecraft:iron_nugget":1,"minecraft:cooked_beef":3,"minecraft:rotten_flesh":21,"minecraft:shield":1,"tombstone:grave_key":1,"minecraft:ladder":1,"minecraft:stone_pickaxe":1,"minecraft:bone":2,"minecraft:waxed_cut_copper_slab":1},"minecraft:broken":{"minecraft:stone_sword":1},"minecraft:crafted":{"minecraft:cooked_beef":13,"minecraft:oak_planks":20,"minecraft:cooked_porkchop":14,"minecraft:crafting_table":3,"minecraft:wooden_pickaxe":1,"minecraft:iron_sword":1,"minecraft:furnace":1,"minecraft:stone_axe":1,"minecraft:air":0,"minecraft:shield":2,"minecraft:stick":12,"minecraft:stone_pickaxe":1,"minecraft:stone_sword":1,"minecraft:oak_button":1},"minecraft:killed":{"minecraft:husk":6,"minecraft:pig":11,"minecraft:spider":2,"minecraft:sheep":2,"minecraft:skeleton":4,"minecraft:zombie":5,"mca:female_villager":1,"minecraft:cow":9},"minecraft:picked_up":{"minecraft:crafting_table":3,"minecraft:iron_chestplate":1,"minecraft:wheat":1,"minecraft:ladder":1,"minecraft:clay_ball":8,"minecraft:leather":6,"minecraft:brown_wool":1,"minecraft:potato":2,"minecraft:oak_log":5,"minecraft:waxed_cut_copper_slab":1,"minecraft:dirt":5,"tombstone:gift":1,"minecraft:cooked_mutton":1,"minecraft:iron_leggings":1,"minecraft:bone":12,"minecraft:stone_bricks":2,"minecraft:wheat_seeds":6,"minecraft:beef":17,"minecraft:stone_pickaxe":2,"minecraft:oak_boat":1,"minecraft:calcite":12,"minecraft:iron_nugget":1,"minecraft:coal_block":2,"minecraft:oak_planks":19,"minecraft:spruce_trapdoor":1,"minecraft:furnace":2,"minecraft:iron_boots":1,"minecraft:black_candle":4,"minecraft:stripped_mangrove_wood":1,"minecraft:porkchop":21,"tombstone:grave_dust":1,"minecraft:diorite":5,"minecraft:red_terracotta":1,"minecraft:spider_eye":2,"minecraft:dark_oak_planks":4,"minecraft:bundle":1,"minecraft:oak_wood":1,"minecraft:arrow":8,"minecraft:rotten_flesh":17,"minecraft:iron_helmet":1,"minecraft:white_wool":1,"minecraft:mutton":2,"minecraft:coal":2,"minecraft:skeleton_skull":1,"minecraft:bone_block":2,"minecraft:cobblestone":28},"minecraft:used":{"minecraft:calcite":7,"minecraft:diorite":3,"minecraft:stone_sword":140,"minecraft:stone_pickaxe":47,"minecraft:bone_block":3,"minecraft:oak_planks":1,"minecraft:wooden_pickaxe":14,"minecraft:iron_sword":47,"minecraft:dirt":5,"minecraft:crafting_table":4,"minecraft:dark_oak_planks":1,"minecraft:apple":2,"minecraft:oak_button":1,"minecraft:bread":11,"minecraft:brown_wool":1,"minecraft:red_terracotta":1,"minecraft:spruce_trapdoor":1,"minecraft:stone_axe":32,"minecraft:cobblestone":7,"minecraft:cooked_porkchop":3,"minecraft:furnace":1,"tombstone:gift":8,"minecraft:cooked_beef":10}},"DataVersion":3465}