{"stats":{"minecraft:custom":{"minecraft:time_since_rest":10666,"minecraft:crouch_one_cm":345,"minecraft:sprint_one_cm":29776,"minecraft:play_time":33944,"minecraft:damage_taken":158,"minecraft:walk_one_cm":30307,"minecraft:sneak_time":305,"minecraft:drop":1,"minecraft:jump":191,"minecraft:damage_dealt":70,"minecraft:leave_game":4,"minecraft:walk_on_water_one_cm":42,"minecraft:time_since_death":33944,"minecraft:sleep_in_bed":2,"minecraft:total_world_time":33944,"minecraft:fall_one_cm":2090,"minecraft:fly_one_cm":56579},"minecraft:picked_up":{"plushies:axolotl_plushie":1,"minecraft:dirt":8},"minecraft:used":{"mca:male_villager_spawn_egg":6,"minecraft:dirt":9,"minecraft:grass_block":2,"mca:female_villager_spawn_egg":3,"plushies:axolotl_plushie":1,"alexsmobs:animal_dictionary":1},"minecraft:mined":{"minecraft:grass":3,"minecraft:grass_block":3,"minecraft:dirt":5},"minecraft:dropped":{"plushies:axolotl_plushie":1}},"DataVersion":3465}