{"stats":{"minecraft:killed_by":{"minecraft:skeleton":1,"minecraft:spider":1,"alexsmobs:grizzly_bear":1},"minecraft:custom":{"minecraft:time_since_rest":5848,"minecraft:sprint_one_cm":154506,"minecraft:damage_taken":1536,"minecraft:walk_one_cm":171484,"minecraft:drop":8,"minecraft:damage_dealt":42,"minecraft:tune_noteblock":4,"minecraft:swim_one_cm":9237,"minecraft:interact_with_crafting_table":4,"minecraft:fly_one_cm":701447,"minecraft:open_barrel":1,"minecraft:open_chest":10,"minecraft:crouch_one_cm":1058,"minecraft:play_time":137041,"minecraft:deaths":3,"minecraft:sneak_time":847,"minecraft:walk_under_water_one_cm":8562,"minecraft:jump":812,"minecraft:leave_game":2,"minecraft:time_since_death":6165,"minecraft:walk_on_water_one_cm":4970,"minecraft:sleep_in_bed":1,"minecraft:climb_one_cm":6480,"minecraft:total_world_time":137041,"minecraft:fall_one_cm":19836},"minecraft:mined":{"minecraft:hay_block":18,"minecraft:coarse_dirt":2,"minecraft:farmland":6,"minecraft:fire":1,"minecraft:spruce_log":15,"minecraft:birch_leaves":3,"minecraft:powder_snow":32,"minecraft:crafting_table":1,"minecraft:grass":5,"minecraft:stone_button":3,"minecraft:grass_block":1,"minecraft:oak_log":2,"minecraft:dirt":6,"minecraft:glass":8,"minecraft:tall_grass":3,"minecraft:stone":30},"minecraft:dropped":{"minecraft:bread":5,"minecraft:golden_chestplate":1,"man:cassette_1safetyinstructions":1,"minecraft:glass":49},"minecraft:crafted":{"minecraft:oak_planks":8,"minecraft:wooden_shovel":1,"minecraft:crafting_table":2,"minecraft:spruce_planks":60,"minecraft:stick":12,"minecraft:wooden_pickaxe":1,"minecraft:stone_pickaxe":1,"minecraft:stone_axe":1,"minecraft:bread":33,"minecraft:wheat":99},"minecraft:picked_up":{"minecraft:crafting_table":1,"minecraft:coarse_dirt":2,"minecraft:wheat":2,"minecraft:oak_log":2,"minecraft:stone_button":6,"minecraft:spruce_log":15,"minecraft:dirt":13,"minecraft:bone":2,"man:cassette_1safetyinstructions":1,"minecraft:arrow":2,"minecraft:glass":49,"minecraft:wheat_seeds":6,"minecraft:hay_block":18,"minecraft:cobblestone":30},"minecraft:used":{"minecraft:glass":67,"minecraft:quartz_pillar":16,"minecraft:snow_block":8,"minecraft:flint_and_steel":1,"minecraft:bread":19,"minecraft:stone_button":6,"minecraft:quartz_block":31,"minecraft:wooden_pickaxe":30,"minecraft:red_mushroom_block":26,"minecraft:stone_axe":1,"minecraft:iron_door":1,"minecraft:wooden_shovel":26,"minecraft:smooth_quartz_stairs":56,"minecraft:glowstone":2,"minecraft:dirt":33,"minecraft:hay_block":1,"minecraft:crafting_table":2,"alexsmobs:animal_dictionary":4,"minecraft:golden_chestplate":1,"minecraft:potato":2,"minecraft:coarse_dirt":2,"minecraft:obsidian":1}},"DataVersion":3465}