{"stats":{"minecraft:crafted":{"minecraft:oak_planks":4,"minecraft:crafting_table":1,"minecraft:bread":33,"minecraft:wheat":99},"minecraft:custom":{"minecraft:time_since_rest":19567,"minecraft:sprint_one_cm":67973,"minecraft:damage_taken":596,"minecraft:walk_one_cm":97325,"minecraft:drop":7,"minecraft:damage_dealt":40,"minecraft:swim_one_cm":9237,"minecraft:interact_with_crafting_table":1,"minecraft:fly_one_cm":624438,"minecraft:open_barrel":1,"minecraft:open_chest":5,"minecraft:crouch_one_cm":965,"minecraft:play_time":89862,"minecraft:deaths":1,"minecraft:sneak_time":827,"minecraft:walk_under_water_one_cm":8562,"minecraft:jump":453,"minecraft:leave_game":1,"minecraft:walk_on_water_one_cm":4970,"minecraft:time_since_death":20387,"minecraft:total_world_time":89862,"minecraft:climb_one_cm":5022,"minecraft:fall_one_cm":12973},"minecraft:picked_up":{"minecraft:coarse_dirt":2,"minecraft:wheat":1,"minecraft:oak_log":1,"minecraft:stone_button":2,"minecraft:dirt":1,"man:cassette_1safetyinstructions":1,"minecraft:wheat_seeds":2,"minecraft:hay_block":13},"minecraft:used":{"minecraft:quartz_pillar":16,"minecraft:flint_and_steel":1,"minecraft:snow_block":8,"minecraft:bread":10,"minecraft:stone_button":1,"minecraft:quartz_block":31,"minecraft:red_mushroom_block":26,"minecraft:smooth_quartz_stairs":56,"minecraft:glowstone":2,"minecraft:hay_block":1,"minecraft:crafting_table":1,"alexsmobs:animal_dictionary":4,"minecraft:potato":2,"minecraft:golden_chestplate":1,"minecraft:coarse_dirt":2},"minecraft:killed_by":{"minecraft:spider":1},"minecraft:mined":{"minecraft:hay_block":13,"minecraft:coarse_dirt":2,"minecraft:fire":1,"minecraft:birch_leaves":2,"minecraft:powder_snow":32,"minecraft:grass":3,"minecraft:stone_button":1,"minecraft:grass_block":1,"minecraft:oak_log":1,"minecraft:tall_grass":1},"minecraft:dropped":{"minecraft:bread":5,"minecraft:golden_chestplate":1,"man:cassette_1safetyinstructions":1}},"DataVersion":3465}