{"stats":{"minecraft:killed_by":{"man:managgresive":1,"minecraft:cave_spider":3,"minecraft:skeleton":5,"minecraft:spider":2,"minecraft:zombie":3,"alexsmobs:grizzly_bear":1},"minecraft:custom":{"minecraft:interact_with_furnace":9,"minecraft:mob_kills":47,"minecraft:interact_with_crafting_table":20,"minecraft:tune_noteblock":6,"minecraft:open_barrel":1,"minecraft:leave_game":2,"minecraft:time_since_death":18283,"minecraft:sleep_in_bed":4,"minecraft:climb_one_cm":10293,"minecraft:time_since_rest":17844,"minecraft:sprint_one_cm":419864,"minecraft:damage_taken":8051,"minecraft:walk_one_cm":528464,"minecraft:damage_blocked_by_shield":2985,"minecraft:drop":8,"minecraft:damage_dealt":7622,"minecraft:swim_one_cm":12403,"minecraft:fly_one_cm":920017,"minecraft:open_chest":22,"minecraft:crouch_one_cm":41852,"minecraft:play_time":299041,"tombstone:undead_killed":30,"minecraft:deaths":16,"minecraft:sneak_time":21704,"minecraft:walk_under_water_one_cm":12390,"minecraft:jump":2415,"minecraft:walk_on_water_one_cm":16922,"minecraft:total_world_time":299041,"minecraft:fall_one_cm":68907},"minecraft:mined":{"minecraft:tuff":1,"minecraft:farmland":6,"minecraft:red_bed":3,"minecraft:deepslate_diamond_ore":5,"minecraft:powder_snow":32,"minecraft:oak_fence":2,"minecraft:crafting_table":7,"minecraft:torch":8,"minecraft:stone_button":4,"minecraft:grass_block":1,"minecraft:glass":8,"minecraft:copper_ore":2,"minecraft:tall_grass":3,"minecraft:cobblestone":4,"minecraft:deepslate_gold_ore":30,"minecraft:oak_planks":8,"minecraft:sculk":6,"minecraft:wall_torch":14,"travelersbackpack:bat":1,"minecraft:hay_block":34,"minecraft:coarse_dirt":2,"minecraft:iron_ore":72,"minecraft:fire":2,"minecraft:spruce_log":15,"minecraft:birch_leaves":3,"minecraft:grass":7,"minecraft:deepslate_iron_ore":72,"minecraft:coal_ore":120,"minecraft:oak_log":2,"minecraft:rail":2,"minecraft:gravel":5,"minecraft:dirt":22,"minecraft:cobweb":81,"minecraft:stone":219,"minecraft:deepslate":162},"minecraft:dropped":{"minecraft:bread":5,"minecraft:golden_chestplate":1,"man:cassette_1safetyinstructions":1,"minecraft:glass":49},"minecraft:crafted":{"minecraft:oak_planks":8,"minecraft:wooden_shovel":1,"minecraft:cooked_porkchop":3,"minecraft:crafting_table":3,"minecraft:spruce_planks":60,"minecraft:wooden_pickaxe":1,"minecraft:furnace":1,"minecraft:bucket":1,"minecraft:stone_axe":2,"minecraft:bread":67,"minecraft:air":0,"minecraft:iron_chestplate":1,"minecraft:shield":1,"minecraft:stick":48,"minecraft:iron_ingot":12,"minecraft:iron_pickaxe":1,"minecraft:stone_pickaxe":4,"minecraft:stone_sword":3,"minecraft:chest":1,"minecraft:torch":88,"minecraft:wheat":198},"minecraft:broken":{"minecraft:stone_pickaxe":4,"minecraft:shield":1,"minecraft:golden_helmet":1,"minecraft:stone_axe":1,"minecraft:stone_sword":2,"minecraft:golden_chestplate":1},"minecraft:killed":{"minecraft:cave_spider":13,"minecraft:pig":1,"minecraft:spider":2,"minecraft:skeleton":9,"minecraft:zombie":21},"minecraft:picked_up":{"minecraft:cocoa_beans":3,"minecraft:coarse_dirt":2,"minecraft:crafting_table":7,"minecraft:wheat":2,"travelersbackpack:bat":1,"minecraft:chest_minecart":1,"minecraft:flint":1,"minecraft:tuff":1,"minecraft:oak_log":2,"minecraft:string":100,"minecraft:dirt":29,"minecraft:red_bed":3,"minecraft:raw_copper":10,"man:cassette_1safetyinstructions":1,"minecraft:glass":49,"minecraft:bone":8,"minecraft:bow":2,"minecraft:raw_gold":30,"minecraft:wheat_seeds":6,"minecraft:cobbled_deepslate":154,"tombstone:bag_of_seeds":1,"minecraft:pitcher_pod":3,"minecraft:oak_planks":7,"minecraft:raw_iron":141,"minecraft:oak_fence":2,"minecraft:torch":21,"minecraft:gravel":4,"minecraft:porkchop":3,"minecraft:stone_button":7,"tombstone:grave_dust":2,"minecraft:carrot":1,"minecraft:spruce_log":15,"minecraft:spider_eye":5,"minecraft:bundle":1,"minecraft:arrow":14,"minecraft:rotten_flesh":28,"minecraft:diamond":5,"minecraft:hay_block":32,"good_nights_sleep:rainbow_seeds":1,"minecraft:coal":120,"minecraft:rail":3,"minecraft:cobblestone":222},"minecraft:used":{"minecraft:stone_sword":194,"minecraft:flint_and_steel":7,"minecraft:snow_block":8,"minecraft:stone_pickaxe":526,"minecraft:shield":47,"minecraft:chest":1,"minecraft:spruce_planks":5,"minecraft:wooden_pickaxe":30,"minecraft:red_mushroom_block":26,"minecraft:wooden_shovel":26,"travelersbackpack:bat":1,"minecraft:smooth_quartz_stairs":56,"minecraft:glow_berries":7,"minecraft:torch":45,"minecraft:dirt":54,"minecraft:crafting_table":9,"minecraft:red_bed":3,"minecraft:golden_chestplate":1,"minecraft:obsidian":1,"tombstone:bag_of_seeds":1,"minecraft:glass":72,"minecraft:quartz_pillar":16,"minecraft:iron_pickaxe":147,"minecraft:bread":73,"minecraft:stone_button":7,"minecraft:quartz_block":31,"tombstone:grave_key":3,"minecraft:iron_door":1,"minecraft:gravel":2,"minecraft:bow":7,"minecraft:stone_axe":93,"minecraft:glowstone":2,"minecraft:cobblestone":37,"minecraft:hay_block":1,"minecraft:cooked_porkchop":3,"minecraft:furnace":1,"tombstone:gift":2,"alexsmobs:animal_dictionary":4,"minecraft:potato":2,"minecraft:coarse_dirt":2}},"DataVersion":3465}