{"stats":{"minecraft:used":{"minecraft:glass":67,"minecraft:quartz_pillar":16,"minecraft:snow_block":8,"minecraft:flint_and_steel":1,"minecraft:bread":11,"minecraft:stone_button":6,"minecraft:quartz_block":31,"minecraft:red_mushroom_block":26,"minecraft:iron_door":1,"minecraft:wooden_shovel":19,"minecraft:smooth_quartz_stairs":56,"minecraft:glowstone":2,"minecraft:dirt":33,"minecraft:hay_block":1,"minecraft:crafting_table":1,"alexsmobs:animal_dictionary":4,"minecraft:golden_chestplate":1,"minecraft:potato":2,"minecraft:coarse_dirt":2,"minecraft:obsidian":1},"minecraft:killed_by":{"minecraft:spider":1},"minecraft:custom":{"minecraft:time_since_rest":9745,"minecraft:sprint_one_cm":83921,"minecraft:damage_taken":646,"minecraft:walk_one_cm":131584,"minecraft:drop":8,"minecraft:damage_dealt":40,"minecraft:swim_one_cm":9237,"minecraft:interact_with_crafting_table":2,"minecraft:fly_one_cm":644773,"minecraft:open_barrel":1,"minecraft:open_chest":9,"minecraft:crouch_one_cm":965,"minecraft:play_time":107432,"minecraft:deaths":1,"minecraft:sneak_time":827,"minecraft:walk_under_water_one_cm":8562,"minecraft:jump":569,"minecraft:leave_game":1,"minecraft:walk_on_water_one_cm":4970,"minecraft:time_since_death":37957,"minecraft:sleep_in_bed":1,"minecraft:climb_one_cm":6210,"minecraft:total_world_time":107432,"minecraft:fall_one_cm":15584},"minecraft:crafted":{"minecraft:oak_planks":8,"minecraft:wooden_shovel":1,"minecraft:crafting_table":1,"minecraft:stick":4,"minecraft:bread":33,"minecraft:wheat":99},"minecraft:picked_up":{"minecraft:coarse_dirt":2,"minecraft:wheat":2,"minecraft:oak_log":2,"minecraft:stone_button":6,"minecraft:dirt":13,"man:cassette_1safetyinstructions":1,"minecraft:glass":49,"minecraft:wheat_seeds":6,"minecraft:hay_block":13},"minecraft:mined":{"minecraft:hay_block":13,"minecraft:coarse_dirt":2,"minecraft:farmland":6,"minecraft:fire":1,"minecraft:birch_leaves":2,"minecraft:powder_snow":32,"minecraft:grass":5,"minecraft:stone_button":3,"minecraft:grass_block":1,"minecraft:oak_log":2,"minecraft:dirt":6,"minecraft:glass":8,"minecraft:tall_grass":3},"minecraft:dropped":{"minecraft:bread":5,"minecraft:golden_chestplate":1,"man:cassette_1safetyinstructions":1,"minecraft:glass":49}},"DataVersion":3465}