{"stats":{"minecraft:killed_by":{"man:managgresive":1,"minecraft:cave_spider":3,"minecraft:skeleton":1,"minecraft:spider":2,"minecraft:zombie":1,"alexsmobs:grizzly_bear":1},"minecraft:custom":{"minecraft:interact_with_furnace":6,"minecraft:mob_kills":20,"minecraft:interact_with_crafting_table":16,"minecraft:tune_noteblock":6,"minecraft:open_barrel":1,"minecraft:leave_game":2,"minecraft:time_since_death":9716,"minecraft:sleep_in_bed":3,"minecraft:climb_one_cm":9889,"minecraft:time_since_rest":9644,"minecraft:sprint_one_cm":287600,"minecraft:damage_taken":5711,"minecraft:walk_one_cm":377793,"minecraft:drop":8,"minecraft:damage_dealt":2908,"minecraft:swim_one_cm":12403,"minecraft:fly_one_cm":828783,"minecraft:open_chest":21,"minecraft:crouch_one_cm":22757,"minecraft:play_time":233041,"tombstone:undead_killed":6,"minecraft:deaths":10,"minecraft:sneak_time":11096,"minecraft:walk_under_water_one_cm":10315,"minecraft:jump":1626,"minecraft:walk_on_water_one_cm":13222,"minecraft:total_world_time":233041,"minecraft:fall_one_cm":51599},"minecraft:mined":{"minecraft:farmland":6,"minecraft:red_bed":3,"minecraft:powder_snow":32,"minecraft:oak_fence":2,"minecraft:crafting_table":4,"minecraft:torch":8,"minecraft:stone_button":4,"minecraft:grass_block":1,"minecraft:glass":8,"minecraft:copper_ore":2,"minecraft:tall_grass":3,"minecraft:cobblestone":3,"minecraft:oak_planks":8,"minecraft:sculk":6,"minecraft:wall_torch":14,"travelersbackpack:bat":1,"minecraft:hay_block":34,"minecraft:coarse_dirt":2,"minecraft:iron_ore":1,"minecraft:fire":2,"minecraft:spruce_log":15,"minecraft:birch_leaves":3,"minecraft:grass":7,"minecraft:coal_ore":116,"minecraft:oak_log":2,"minecraft:rail":1,"minecraft:dirt":21,"minecraft:cobweb":81,"minecraft:stone":131,"minecraft:deepslate":5},"minecraft:dropped":{"minecraft:bread":5,"minecraft:golden_chestplate":1,"man:cassette_1safetyinstructions":1,"minecraft:glass":49},"minecraft:crafted":{"minecraft:oak_planks":8,"minecraft:wooden_shovel":1,"minecraft:cooked_porkchop":3,"minecraft:crafting_table":3,"minecraft:spruce_planks":60,"minecraft:wooden_pickaxe":1,"minecraft:furnace":1,"minecraft:stone_axe":1,"minecraft:bread":66,"minecraft:air":0,"minecraft:shield":1,"minecraft:stick":44,"minecraft:iron_ingot":1,"minecraft:iron_pickaxe":1,"minecraft:stone_pickaxe":3,"minecraft:stone_sword":2,"minecraft:chest":1,"minecraft:torch":88,"minecraft:wheat":198},"minecraft:broken":{"minecraft:stone_pickaxe":1,"minecraft:golden_helmet":1,"minecraft:stone_sword":1},"minecraft:killed":{"minecraft:cave_spider":13,"minecraft:pig":1,"minecraft:skeleton":3,"minecraft:zombie":3},"minecraft:picked_up":{"minecraft:coarse_dirt":2,"minecraft:crafting_table":4,"minecraft:wheat":2,"travelersbackpack:bat":1,"minecraft:chest_minecart":1,"minecraft:oak_log":2,"minecraft:string":99,"minecraft:dirt":28,"minecraft:red_bed":3,"minecraft:raw_copper":10,"man:cassette_1safetyinstructions":1,"minecraft:glass":49,"minecraft:bone":3,"minecraft:wheat_seeds":6,"minecraft:cobbled_deepslate":4,"minecraft:oak_planks":7,"minecraft:raw_iron":1,"minecraft:oak_fence":2,"minecraft:torch":21,"minecraft:porkchop":3,"minecraft:stone_button":7,"minecraft:spruce_log":15,"minecraft:spider_eye":3,"minecraft:arrow":6,"minecraft:rotten_flesh":4,"minecraft:hay_block":32,"minecraft:coal":116,"minecraft:rail":1,"minecraft:cobblestone":134},"minecraft:used":{"minecraft:stone_sword":99,"minecraft:flint_and_steel":7,"minecraft:snow_block":8,"minecraft:stone_pickaxe":233,"minecraft:chest":1,"minecraft:spruce_planks":5,"minecraft:wooden_pickaxe":30,"minecraft:red_mushroom_block":26,"minecraft:wooden_shovel":26,"travelersbackpack:bat":1,"minecraft:smooth_quartz_stairs":56,"minecraft:torch":44,"minecraft:dirt":53,"minecraft:crafting_table":6,"minecraft:red_bed":3,"minecraft:golden_chestplate":1,"minecraft:obsidian":1,"minecraft:glass":72,"minecraft:quartz_pillar":16,"minecraft:bread":62,"minecraft:stone_button":7,"minecraft:quartz_block":31,"minecraft:iron_door":1,"minecraft:stone_axe":69,"minecraft:glowstone":2,"minecraft:cobblestone":21,"minecraft:hay_block":1,"minecraft:cooked_porkchop":1,"minecraft:furnace":1,"tombstone:gift":1,"alexsmobs:animal_dictionary":4,"minecraft:potato":2,"minecraft:coarse_dirt":2}},"DataVersion":3465}