{"stats":{"minecraft:custom":{"minecraft:mob_kills":5,"minecraft:interact_with_crafting_table":5,"minecraft:tune_noteblock":6,"minecraft:open_barrel":1,"minecraft:leave_game":2,"minecraft:time_since_death":6158,"minecraft:sleep_in_bed":2,"minecraft:climb_one_cm":6816,"minecraft:time_since_rest":5577,"minecraft:sprint_one_cm":246562,"minecraft:damage_taken":2925,"minecraft:walk_one_cm":248730,"minecraft:drop":8,"minecraft:damage_dealt":1012,"minecraft:swim_one_cm":9237,"minecraft:fly_one_cm":818400,"minecraft:open_chest":12,"minecraft:crouch_one_cm":5789,"minecraft:play_time":185041,"tombstone:undead_killed":4,"minecraft:deaths":7,"minecraft:sneak_time":3744,"minecraft:walk_under_water_one_cm":9268,"minecraft:jump":1405,"minecraft:walk_on_water_one_cm":12588,"minecraft:total_world_time":185041,"minecraft:fall_one_cm":45913},"minecraft:killed_by":{"man:managgresive":1,"minecraft:skeleton":1,"minecraft:spider":2,"minecraft:zombie":1,"alexsmobs:grizzly_bear":1},"minecraft:mined":{"minecraft:farmland":6,"minecraft:red_bed":3,"minecraft:powder_snow":32,"minecraft:crafting_table":2,"minecraft:torch":1,"minecraft:stone_button":4,"minecraft:grass_block":1,"minecraft:glass":8,"minecraft:tall_grass":3,"minecraft:oak_planks":4,"minecraft:sculk":6,"minecraft:wall_torch":2,"minecraft:hay_block":34,"minecraft:coarse_dirt":2,"minecraft:fire":1,"minecraft:spruce_log":15,"minecraft:birch_leaves":3,"minecraft:grass":7,"minecraft:coal_ore":69,"minecraft:oak_log":2,"minecraft:dirt":6,"minecraft:stone":36,"minecraft:deepslate":5},"minecraft:dropped":{"minecraft:bread":5,"minecraft:golden_chestplate":1,"man:cassette_1safetyinstructions":1,"minecraft:glass":49},"minecraft:crafted":{"minecraft:oak_planks":8,"minecraft:wooden_shovel":1,"minecraft:crafting_table":3,"minecraft:spruce_planks":60,"minecraft:wooden_pickaxe":1,"minecraft:stone_axe":1,"minecraft:bread":51,"minecraft:stick":12,"minecraft:stone_pickaxe":1,"minecraft:torch":16,"minecraft:wheat":153},"minecraft:killed":{"minecraft:pig":1,"minecraft:skeleton":1,"minecraft:zombie":3},"minecraft:picked_up":{"minecraft:coarse_dirt":2,"minecraft:crafting_table":2,"minecraft:wheat":2,"minecraft:oak_log":2,"minecraft:dirt":13,"minecraft:red_bed":3,"man:cassette_1safetyinstructions":1,"minecraft:glass":49,"minecraft:bone":2,"minecraft:wheat_seeds":6,"minecraft:cobbled_deepslate":4,"minecraft:oak_planks":4,"minecraft:torch":2,"minecraft:porkchop":3,"minecraft:stone_button":7,"minecraft:spruce_log":15,"minecraft:arrow":2,"minecraft:rotten_flesh":4,"minecraft:hay_block":32,"minecraft:coal":69,"minecraft:cobblestone":36},"minecraft:used":{"minecraft:flint_and_steel":1,"minecraft:snow_block":8,"minecraft:stone_pickaxe":83,"minecraft:spruce_planks":1,"minecraft:wooden_pickaxe":30,"minecraft:red_mushroom_block":26,"minecraft:wooden_shovel":26,"minecraft:smooth_quartz_stairs":56,"minecraft:torch":13,"minecraft:dirt":33,"minecraft:crafting_table":3,"minecraft:red_bed":2,"minecraft:golden_chestplate":1,"minecraft:obsidian":1,"minecraft:glass":72,"minecraft:quartz_pillar":16,"minecraft:bread":29,"minecraft:stone_button":7,"minecraft:quartz_block":31,"minecraft:iron_door":1,"minecraft:stone_axe":21,"minecraft:glowstone":2,"minecraft:hay_block":1,"tombstone:gift":1,"alexsmobs:animal_dictionary":4,"minecraft:potato":2,"minecraft:coarse_dirt":2}},"DataVersion":3465}