{"stats":{"minecraft:killed_by":{"minecraft:spider":2,"man:managgresive":1,"minecraft:cave_spider":3,"minecraft:skeleton":5,"minecraft:zombie":3,"alexsmobs:grizzly_bear":1},"minecraft:custom":{"minecraft:mob_kills":48,"minecraft:interact_with_crafting_table":24,"minecraft:open_barrel":1,"minecraft:leave_game":6,"minecraft:time_since_death":77749,"minecraft:climb_one_cm":10293,"minecraft:sprint_one_cm":553206,"minecraft:walk_one_cm":687918,"minecraft:damage_blocked_by_shield":2985,"minecraft:drop":18,"minecraft:play_time":414077,"minecraft:deaths":18,"minecraft:sneak_time":38220,"minecraft:walk_under_water_one_cm":12390,"minecraft:jump":2655,"minecraft:walk_on_water_one_cm":17086,"minecraft:total_world_time":414077,"minecraft:interact_with_furnace":36,"minecraft:tune_noteblock":6,"minecraft:sleep_in_bed":5,"minecraft:time_since_rest":74923,"minecraft:damage_taken":8709,"minecraft:damage_dealt":7782,"minecraft:swim_one_cm":12403,"minecraft:fly_one_cm":978860,"minecraft:open_chest":38,"minecraft:crouch_one_cm":73819,"tombstone:undead_killed":30,"minecraft:fall_one_cm":70016},"minecraft:mined":{"minecraft:tuff":38,"minecraft:farmland":6,"minecraft:deepslate_diamond_ore":15,"minecraft:stone_button":4,"minecraft:grass_block":1,"minecraft:hay_block":34,"travelersbackpack:bat":1,"minecraft:iron_ore":72,"minecraft:cobbled_deepslate":9,"minecraft:fire":2,"minecraft:deepslate_iron_ore":72,"minecraft:rail":2,"minecraft:stone":219,"minecraft:deepslate_redstone_ore":9,"minecraft:red_bed":3,"minecraft:powder_snow":32,"minecraft:oak_fence":2,"minecraft:crafting_table":7,"minecraft:torch":8,"minecraft:glass":8,"minecraft:tall_grass":3,"minecraft:copper_ore":2,"minecraft:cobblestone":4,"minecraft:deepslate_gold_ore":34,"minecraft:oak_planks":8,"minecraft:sculk":6,"minecraft:wall_torch":14,"minecraft:coarse_dirt":2,"minecraft:spruce_log":15,"minecraft:birch_leaves":3,"minecraft:grass":7,"minecraft:oak_log":2,"minecraft:coal_ore":120,"minecraft:gravel":30,"minecraft:dirt":22,"minecraft:cobweb":81,"minecraft:deepslate":958},"minecraft:crafted":{"minecraft:oak_planks":8,"minecraft:furnace":3,"minecraft:bow":1,"minecraft:iron_boots":1,"minecraft:stone_pickaxe":10,"minecraft:chest":2,"minecraft:wheat":279,"minecraft:wooden_shovel":1,"minecraft:cooked_porkchop":3,"minecraft:crafting_table":3,"minecraft:spruce_planks":60,"minecraft:wooden_pickaxe":1,"minecraft:iron_helmet":1,"minecraft:bucket":1,"minecraft:stone_axe":2,"minecraft:bread":94,"minecraft:air":0,"minecraft:iron_chestplate":1,"minecraft:shield":1,"minecraft:stick":60,"minecraft:iron_ingot":86,"minecraft:iron_pickaxe":2,"minecraft:stone_sword":3,"minecraft:iron_leggings":1,"minecraft:torch":88},"minecraft:used":{"minecraft:stone_sword":194,"minecraft:flint_and_steel":7,"minecraft:chest":2,"minecraft:spruce_planks":5,"minecraft:shield":47,"minecraft:wooden_shovel":26,"travelersbackpack:bat":1,"minecraft:torch":70,"minecraft:dirt":54,"minecraft:golden_chestplate":1,"minecraft:obsidian":1,"minecraft:glass":72,"minecraft:lava_bucket":1,"minecraft:quartz_pillar":16,"minecraft:grass_block":3,"minecraft:quartz_block":31,"simpleplanes:plane":5,"minecraft:glowstone":2,"minecraft:bow":7,"minecraft:hay_block":1,"minecraft:furnace":3,"tombstone:gift":3,"minecraft:potato":2,"minecraft:cobbled_deepslate":13,"minecraft:snow_block":8,"minecraft:stone_pickaxe":1312,"minecraft:wooden_pickaxe":30,"minecraft:red_mushroom_block":26,"simpleplanes:helicopter":4,"minecraft:smooth_quartz_stairs":56,"minecraft:glow_berries":7,"minecraft:rail":1,"minecraft:crafting_table":9,"minecraft:red_bed":3,"minecraft:spider_eye":1,"tombstone:bag_of_seeds":1,"minecraft:diamond_pickaxe":7,"minecraft:bread":79,"minecraft:iron_pickaxe":248,"minecraft:stone_button":7,"tombstone:grave_key":3,"minecraft:iron_door":1,"minecraft:gravel":2,"minecraft:stone_axe":93,"minecraft:cobblestone":37,"minecraft:cooked_porkchop":3,"minecraft:chest_minecart":1,"alexsmobs:animal_dictionary":4,"minecraft:coarse_dirt":2},"minecraft:picked_up":{"minecraft:coarse_dirt":2,"minecraft:cocoa_beans":3,"minecraft:crafting_table":7,"minecraft:wheat":3,"travelersbackpack:bat":1,"minecraft:chest_minecart":1,"minecraft:string":100,"minecraft:red_bed":3,"minecraft:raw_copper":10,"minecraft:cobbled_deepslate":944,"minecraft:raw_iron":141,"minecraft:oak_fence":2,"minecraft:torch":21,"minecraft:porkchop":3,"minecraft:stone_button":7,"tombstone:grave_dust":2,"minecraft:carrot":1,"minecraft:redstone":38,"minecraft:arrow":14,"minecraft:rotten_flesh":29,"minecraft:hay_block":32,"minecraft:cobblestone":222,"minecraft:rail":3,"simpleplanes:helicopter":4,"minecraft:flint":4,"minecraft:tuff":38,"minecraft:oak_log":2,"minecraft:dirt":29,"man:cassette_1safetyinstructions":1,"minecraft:bone":8,"minecraft:glass":49,"minecraft:bow":2,"minecraft:wheat_seeds":8,"minecraft:raw_gold":34,"tombstone:bag_of_seeds":1,"minecraft:oak_planks":7,"minecraft:pitcher_pod":3,"simpleplanes:plane":2,"minecraft:gravel":26,"minecraft:spruce_log":15,"minecraft:spider_eye":6,"minecraft:bundle":1,"minecraft:diamond":15,"minecraft:coal":120,"good_nights_sleep:rainbow_seeds":1},"minecraft:broken":{"minecraft:golden_helmet":1,"minecraft:stone_sword":2,"minecraft:stone_pickaxe":10,"minecraft:shield":1,"minecraft:stone_axe":1,"minecraft:iron_pickaxe":1,"minecraft:golden_chestplate":1},"minecraft:killed":{"minecraft:cave_spider":13,"minecraft:spider":3,"minecraft:skeleton":9,"minecraft:pig":1,"minecraft:zombie":21},"minecraft:dropped":{"minecraft:bread":5,"man:cassette_1safetyinstructions":1,"minecraft:grass_block":1,"simpleplanes:helicopter":1,"simpleplanes:seats":1,"simpleplanes:shooter":1,"minecraft:golden_chestplate":1,"simpleplanes:liquid_engine":1,"simpleplanes:booster":1,"simpleplanes:healing":1,"minecraft:diamond_pickaxe":1,"minecraft:spider_eye":1,"minecraft:glass":49,"simpleplanes:floaty_bedding":1}},"DataVersion":3465}