{"stats":{"minecraft:crafted":{"minecraft:oak_planks":32,"minecraft:wooden_hoe":1,"minecraft:crafting_table":2,"minecraft:stick":12,"minecraft:wooden_pickaxe":2,"minecraft:stone_pickaxe":1,"minecraft:birch_planks":20,"minecraft:stone_axe":1},"minecraft:custom":{"minecraft:time_since_rest":4336,"minecraft:sprint_one_cm":9591,"minecraft:damage_taken":505,"minecraft:walk_one_cm":17265,"minecraft:mob_kills":2,"minecraft:damage_dealt":400,"minecraft:interact_with_crafting_table":4,"minecraft:fly_one_cm":14922,"minecraft:crouch_one_cm":1757,"minecraft:play_time":11264,"tombstone:undead_killed":2,"minecraft:deaths":2,"minecraft:sneak_time":519,"minecraft:jump":92,"minecraft:leave_game":1,"minecraft:time_since_death":4577,"minecraft:total_world_time":11264,"minecraft:fall_one_cm":1233},"minecraft:killed":{"graveyard:ghoul":2},"minecraft:picked_up":{"minecraft:birch_log":5,"minecraft:crafting_table":1,"minecraft:dirt":29,"minecraft:oak_wood":8,"minecraft:rotten_flesh":3,"minecraft:wheat_seeds":2,"minecraft:coal":13,"minecraft:cobblestone":17},"minecraft:used":{"minecraft:stone_pickaxe":23,"minecraft:wooden_pickaxe":11,"tombstone:grave_key":1,"minecraft:stone_axe":7,"minecraft:dirt":19,"minecraft:crafting_table":2,"tombstone:gift":2},"minecraft:killed_by":{"man:managgresive":1,"minecraft:creeper":1},"minecraft:mined":{"minecraft:large_fern":4,"minecraft:birch_log":4,"minecraft:crafting_table":1,"minecraft:grass":3,"minecraft:grass_block":1,"minecraft:oak_wood":8,"minecraft:coal_ore":13,"minecraft:dirt":12,"minecraft:stone":17}},"DataVersion":3465}