{"stats":{"minecraft:used":{"minecraft:cooked_mutton":3,"minecraft:stone_pickaxe":34,"minecraft:wooden_pickaxe":11,"tombstone:grave_key":1,"minecraft:torch":6,"minecraft:stone_axe":49,"minecraft:dirt":36,"minecraft:crafting_table":4,"minecraft:furnace":1,"minecraft:white_bed":1,"tombstone:gift":2},"minecraft:killed_by":{"man:managgresive":1,"minecraft:creeper":1},"minecraft:custom":{"minecraft:time_since_rest":2036,"minecraft:interact_with_furnace":8,"minecraft:sprint_one_cm":42648,"minecraft:damage_taken":575,"minecraft:walk_one_cm":44844,"minecraft:mob_kills":27,"minecraft:damage_dealt":3330,"minecraft:swim_one_cm":9695,"minecraft:interact_with_crafting_table":10,"minecraft:fly_one_cm":54572,"minecraft:crouch_one_cm":4014,"minecraft:play_time":22938,"tombstone:undead_killed":3,"minecraft:deaths":2,"minecraft:sneak_time":1197,"minecraft:walk_under_water_one_cm":609,"minecraft:jump":338,"minecraft:leave_game":1,"minecraft:walk_on_water_one_cm":847,"minecraft:time_since_death":16251,"minecraft:sleep_in_bed":1,"minecraft:total_world_time":22938,"minecraft:fall_one_cm":7361},"minecraft:crafted":{"minecraft:oak_planks":32,"minecraft:wooden_hoe":1,"minecraft:crafting_table":2,"minecraft:stick":12,"minecraft:wooden_pickaxe":2,"minecraft:stone_pickaxe":1,"minecraft:furnace":1,"minecraft:white_bed":1,"minecraft:torch":8,"minecraft:birch_planks":20,"minecraft:stone_axe":1,"minecraft:air":0,"minecraft:cooked_mutton":10},"minecraft:picked_up":{"minecraft:birch_log":5,"minecraft:crafting_table":3,"minecraft:feather":4,"minecraft:chicken":2,"minecraft:leather":13,"minecraft:torch":2,"minecraft:porkchop":6,"minecraft:white_bed":1,"minecraft:dirt":39,"minecraft:cooked_mutton":1,"minecraft:raw_copper":2,"minecraft:oak_wood":8,"minecraft:arrow":2,"minecraft:rotten_flesh":3,"minecraft:wheat_seeds":2,"minecraft:beef":9,"minecraft:light_gray_wool":1,"minecraft:black_wool":1,"minecraft:mutton":11,"minecraft:coal":26,"minecraft:white_wool":6,"minecraft:cobblestone":23,"minecraft:furnace":1},"minecraft:mined":{"minecraft:large_fern":4,"minecraft:white_bed":1,"minecraft:furnace":1,"minecraft:birch_log":4,"minecraft:glow_lichen":1,"minecraft:torch":2,"minecraft:crafting_table":3,"minecraft:grass":4,"minecraft:oak_wood":8,"minecraft:grass_block":4,"minecraft:coal_ore":15,"minecraft:dirt":19,"minecraft:copper_ore":1,"minecraft:stone":23},"minecraft:killed":{"minecraft:skeleton":1,"minecraft:sheep":8,"minecraft:horse":5,"minecraft:pig":5,"graveyard:ghoul":2,"minecraft:chicken":2,"minecraft:cow":4}},"DataVersion":3465}