{"stats":{"minecraft:used":{"minecraft:cooked_mutton":11,"minecraft:water_bucket":9,"minecraft:stone_pickaxe":119,"minecraft:shield":28,"minecraft:wooden_pickaxe":11,"minecraft:iron_sword":18,"minecraft:torch":88,"minecraft:dirt":40,"minecraft:crafting_table":8,"minecraft:white_bed":1,"minecraft:iron_pickaxe":109,"tombstone:grave_key":1,"minecraft:stone_axe":87,"minecraft:cobblestone":45,"minecraft:furnace":8,"minecraft:cooked_porkchop":6,"minecraft:bucket":9,"tombstone:gift":2,"minecraft:cooked_beef":9,"minecraft:cobbled_deepslate":11},"minecraft:killed_by":{"man:managgresive":1,"minecraft:creeper":1},"minecraft:custom":{"minecraft:interact_with_furnace":39,"minecraft:mob_kills":45,"minecraft:interact_with_crafting_table":19,"minecraft:leave_game":1,"minecraft:time_since_death":52251,"minecraft:sleep_in_bed":1,"minecraft:climb_one_cm":54,"minecraft:time_since_rest":38036,"minecraft:sprint_one_cm":121691,"minecraft:damage_taken":2669,"minecraft:walk_one_cm":134881,"minecraft:damage_blocked_by_shield":1485,"minecraft:drop":8,"minecraft:damage_dealt":6118,"minecraft:swim_one_cm":12324,"minecraft:fly_one_cm":120187,"minecraft:crouch_one_cm":14442,"minecraft:play_time":58938,"tombstone:undead_killed":8,"minecraft:deaths":2,"minecraft:sneak_time":3736,"minecraft:walk_under_water_one_cm":6559,"minecraft:jump":814,"minecraft:walk_on_water_one_cm":45176,"minecraft:total_world_time":58938,"minecraft:fall_one_cm":16331},"minecraft:picked_up":{"minecraft:birch_log":5,"minecraft:crafting_table":6,"minecraft:feather":4,"minecraft:chicken":2,"minecraft:leather":13,"minecraft:gunpowder":1,"minecraft:lapis_lazuli":34,"minecraft:string":9,"minecraft:dirt":42,"minecraft:raw_copper":5,"minecraft:cooked_mutton":1,"minecraft:bone":2,"minecraft:bow":1,"minecraft:wheat_seeds":2,"minecraft:cobbled_deepslate":20,"minecraft:raw_gold":2,"minecraft:iron_ingot":1,"minecraft:beef":9,"minecraft:light_gray_wool":1,"minecraft:furnace":5,"minecraft:raw_iron":69,"minecraft:oak_fence":2,"minecraft:torch":7,"minecraft:porkchop":6,"minecraft:white_bed":1,"alexsmobs:animal_dictionary":1,"minecraft:spider_eye":4,"minecraft:oak_wood":8,"minecraft:arrow":3,"minecraft:rotten_flesh":5,"minecraft:diamond":1,"minecraft:black_wool":1,"minecraft:mutton":11,"minecraft:coal":165,"minecraft:white_wool":6,"minecraft:cobblestone":94},"minecraft:crafted":{"minecraft:cooked_beef":9,"minecraft:oak_planks":32,"minecraft:cooked_porkchop":6,"minecraft:crafting_table":2,"minecraft:iron_helmet":1,"minecraft:wooden_pickaxe":2,"minecraft:iron_sword":1,"minecraft:furnace":5,"minecraft:bucket":1,"minecraft:birch_planks":20,"minecraft:stone_axe":2,"minecraft:cooked_mutton":10,"minecraft:air":0,"minecraft:iron_boots":1,"minecraft:iron_chestplate":1,"minecraft:wooden_hoe":1,"minecraft:shield":1,"minecraft:stick":44,"minecraft:iron_ingot":33,"minecraft:iron_pickaxe":1,"minecraft:stone_pickaxe":1,"minecraft:iron_leggings":1,"minecraft:white_bed":1,"minecraft:torch":104},"minecraft:mined":{"minecraft:white_bed":1,"minecraft:deepslate_diamond_ore":1,"minecraft:oak_fence":2,"minecraft:crafting_table":5,"minecraft:torch":3,"minecraft:glow_lichen":1,"minecraft:grass_block":5,"minecraft:oak_wood":8,"minecraft:cobblestone":14,"minecraft:copper_ore":2,"minecraft:deepslate_gold_ore":2,"minecraft:lapis_ore":6,"minecraft:wall_torch":1,"minecraft:large_fern":4,"minecraft:furnace":5,"minecraft:birch_log":4,"minecraft:iron_ore":51,"minecraft:grass":4,"minecraft:coal_ore":70,"minecraft:dirt":21,"minecraft:cobweb":1,"minecraft:stone":56,"minecraft:deepslate":19},"minecraft:killed":{"minecraft:cave_spider":9,"minecraft:pig":5,"graveyard:ghoul":2,"minecraft:spider":1,"minecraft:creeper":1,"minecraft:sheep":8,"minecraft:horse":5,"minecraft:skeleton":3,"minecraft:zombie":3,"minecraft:chicken":2,"minecraft:cow":4},"minecraft:dropped":{"minecraft:stone_axe":1,"alexsmobs:animal_dictionary":2,"minecraft:cobbled_deepslate":1,"minecraft:dirt":2,"mca:book_romance":1,"minecraft:gunpowder":1,"minecraft:wooden_hoe":1}},"DataVersion":3465}