{"stats":{"minecraft:killed_by":{"alexsmobs:grizzly_bear":1},"minecraft:custom":{"minecraft:time_since_rest":7250,"minecraft:walk_one_cm":60024,"minecraft:sprint_one_cm":69230,"minecraft:damage_taken":1031,"minecraft:mob_kills":2,"minecraft:drop":5,"minecraft:damage_dealt":274,"minecraft:interact_with_crafting_table":3,"minecraft:fly_one_cm":136300,"minecraft:open_chest":1,"minecraft:crouch_one_cm":2129,"minecraft:play_time":23134,"minecraft:deaths":1,"minecraft:sneak_time":1174,"minecraft:damage_dealt_resisted":147,"minecraft:jump":571,"minecraft:leave_game":1,"minecraft:time_since_death":16504,"minecraft:total_world_time":23134,"minecraft:climb_one_cm":245,"minecraft:fall_one_cm":17519},"minecraft:mined":{"minecraft:hay_block":11,"minecraft:acacia_leaves":4,"minecraft:white_bed":2,"minecraft:fire":1,"minecraft:acacia_wood":7,"minecraft:birch_leaves":1,"minecraft:stripped_oak_wood":1,"minecraft:stone_brick_stairs":3,"minecraft:crafting_table":3,"minecraft:azure_bluet":1,"minecraft:grass":5,"minecraft:oak_wood":6,"minecraft:grass_block":3,"minecraft:potted_dandelion":1,"minecraft:dirt_path":1,"minecraft:dirt":4,"minecraft:tall_grass":2,"minecraft:stone":17},"minecraft:dropped":{"minecraft:flower_pot":1,"minecraft:wheat_seeds":3,"minecraft:wooden_pickaxe":1,"minecraft:azure_bluet":2},"minecraft:crafted":{"minecraft:oak_planks":28,"minecraft:wooden_hoe":1,"minecraft:crafting_table":1,"minecraft:stick":12,"minecraft:wooden_pickaxe":1,"minecraft:stone_pickaxe":1,"minecraft:wooden_axe":1,"minecraft:acacia_planks":28,"minecraft:stone_axe":1,"minecraft:bread":30,"minecraft:wheat":90},"minecraft:killed":{"minecraft:sheep":2},"minecraft:picked_up":{"minecraft:crafting_table":3,"minecraft:azure_bluet":2,"minecraft:flower_pot":2,"minecraft:dandelion":1,"minecraft:acacia_wood":7,"minecraft:stone_brick_stairs":3,"minecraft:white_bed":2,"minecraft:dirt":4,"minecraft:oak_wood":6,"minecraft:bone":2,"minecraft:bow":1,"minecraft:wheat_seeds":3,"minecraft:hay_block":10,"minecraft:stripped_oak_wood":1,"minecraft:mutton":3,"minecraft:white_wool":2,"minecraft:cobblestone":17},"minecraft:used":{"minecraft:wooden_axe":10,"minecraft:flower_pot":1,"minecraft:bread":16,"minecraft:stone_pickaxe":4,"minecraft:oak_planks":2,"minecraft:iron_helmet":1,"minecraft:wooden_pickaxe":16,"minecraft:iron_boots":1,"minecraft:stone_axe":5,"minecraft:iron_chestplate":1,"minecraft:dirt":1,"minecraft:cobblestone":9,"minecraft:crafting_table":3,"minecraft:white_bed":2,"minecraft:dandelion":1,"minecraft:iron_leggings":1}},"DataVersion":3465}