{"stats":{"minecraft:killed_by":{"man:managgresive":1,"minecraft:skeleton":1},"minecraft:custom":{"minecraft:interact_with_furnace":1,"minecraft:interact_with_crafting_table":6,"minecraft:leave_game":2,"minecraft:time_since_death":30752,"minecraft:sleep_in_bed":2,"minecraft:climb_one_cm":284,"minecraft:time_since_rest":28340,"minecraft:sprint_one_cm":32686,"minecraft:damage_taken":795,"minecraft:walk_one_cm":225306,"minecraft:drop":4,"minecraft:swim_one_cm":8405,"minecraft:talked_to_villager":1,"minecraft:fly_one_cm":46711,"minecraft:open_chest":4,"minecraft:crouch_one_cm":26,"minecraft:play_time":56520,"minecraft:deaths":2,"minecraft:sneak_time":87,"minecraft:walk_under_water_one_cm":1554,"minecraft:jump":363,"minecraft:walk_on_water_one_cm":2010,"minecraft:total_world_time":56520,"minecraft:fall_one_cm":4474},"minecraft:mined":{"minecraft:smoker":1,"minecraft:crafting_table":2,"minecraft:torch":8,"minecraft:oak_wood":9,"minecraft:copper_ore":22,"minecraft:wall_torch":7,"minecraft:spawner":1,"minecraft:hay_block":11,"minecraft:carrots":29,"minecraft:iron_ore":2,"minecraft:wheat":59,"minecraft:grass":1,"minecraft:coal_ore":42,"minecraft:potatoes":9,"minecraft:oak_log":9,"minecraft:dirt_path":1,"minecraft:beetroots":3,"minecraft:gravel":1,"minecraft:stone":38,"minecraft:oak_leaves":1},"minecraft:dropped":{"minecraft:wheat_seeds":31,"minecraft:beetroot":6,"minecraft:beetroot_seeds":10},"minecraft:crafted":{"minecraft:wooden_sword":1,"minecraft:oak_planks":36,"minecraft:crafting_table":1,"minecraft:wooden_pickaxe":1,"minecraft:furnace":2,"minecraft:bread":33,"minecraft:wooden_hoe":1,"minecraft:stick":32,"minecraft:stone_pickaxe":1,"minecraft:wooden_axe":1,"minecraft:stone_sword":1,"minecraft:torch":84,"minecraft:wheat":99,"minecraft:smoker":1},"minecraft:picked_up":{"minecraft:crafting_table":2,"minecraft:wheat":59,"minecraft:smoker":1,"minecraft:potato":28,"minecraft:oak_log":9,"minecraft:raw_copper":78,"minecraft:apple":2,"minecraft:beetroot":6,"graveyard:corruption":1,"minecraft:wheat_seeds":152,"minecraft:raw_iron":2,"minecraft:torch":16,"minecraft:gravel":1,"minecraft:carrot":102,"minecraft:oak_wood":9,"minecraft:rotten_flesh":2,"minecraft:beetroot_seeds":10,"minecraft:hay_block":11,"minecraft:coal":42,"minecraft:cobblestone":38},"minecraft:used":{"minecraft:wheat_seeds":82,"minecraft:stone_pickaxe":93,"minecraft:wooden_pickaxe":14,"minecraft:torch":16,"minecraft:crafting_table":3,"minecraft:carrot":10,"minecraft:smoker":1,"minecraft:wooden_axe":2,"minecraft:bread":3,"minecraft:gravel":1,"minecraft:cobblestone":6,"minecraft:furnace":1,"alexsmobs:animal_dictionary":5,"minecraft:potato":8}},"DataVersion":3465}