{"stats":{"minecraft:killed_by":{"man:managgresive":1,"minecraft:skeleton":1},"minecraft:custom":{"minecraft:time_since_rest":4340,"minecraft:sprint_one_cm":24679,"minecraft:damage_taken":785,"minecraft:walk_one_cm":120986,"minecraft:talked_to_villager":1,"minecraft:interact_with_crafting_table":3,"minecraft:fly_one_cm":38477,"minecraft:open_chest":3,"minecraft:play_time":32520,"minecraft:crouch_one_cm":26,"minecraft:deaths":2,"minecraft:sneak_time":81,"minecraft:jump":196,"minecraft:leave_game":2,"minecraft:walk_on_water_one_cm":116,"minecraft:time_since_death":6752,"minecraft:sleep_in_bed":2,"minecraft:total_world_time":32520,"minecraft:fall_one_cm":3661},"minecraft:mined":{"minecraft:hay_block":11,"minecraft:crafting_table":1,"minecraft:grass":1,"minecraft:oak_wood":9,"minecraft:oak_log":9,"minecraft:coal_ore":1,"minecraft:dirt_path":1,"minecraft:stone":12,"minecraft:oak_leaves":1,"minecraft:spawner":1},"minecraft:crafted":{"minecraft:wooden_sword":1,"minecraft:oak_planks":36,"minecraft:wooden_hoe":1,"minecraft:crafting_table":1,"minecraft:stick":12,"minecraft:wooden_pickaxe":1,"minecraft:stone_pickaxe":1,"minecraft:wooden_axe":1,"minecraft:stone_sword":1,"minecraft:bread":33,"minecraft:wheat":99},"minecraft:picked_up":{"minecraft:crafting_table":1,"minecraft:oak_log":9,"minecraft:oak_wood":9,"minecraft:rotten_flesh":2,"minecraft:apple":2,"graveyard:corruption":1,"minecraft:hay_block":11,"minecraft:coal":1,"minecraft:cobblestone":12},"minecraft:used":{"minecraft:wooden_axe":1,"minecraft:bread":1,"minecraft:wooden_pickaxe":14,"minecraft:crafting_table":2,"alexsmobs:animal_dictionary":5}},"DataVersion":3465}