{"stats":{"minecraft:killed_by":{"man:managgresive":1},"minecraft:custom":{"minecraft:jump":33,"minecraft:open_chest":2,"minecraft:time_since_rest":759,"minecraft:damage_taken":450,"minecraft:leave_game":1,"minecraft:time_since_death":9698,"minecraft:play_time":13088,"minecraft:sprint_one_cm":968,"minecraft:walk_one_cm":50142,"minecraft:walk_on_water_one_cm":116,"minecraft:deaths":1,"minecraft:sleep_in_bed":1,"minecraft:total_world_time":13088,"minecraft:fall_one_cm":747,"minecraft:fly_one_cm":2509},"minecraft:mined":{"minecraft:hay_block":11},"minecraft:picked_up":{"minecraft:rotten_flesh":2,"minecraft:hay_block":11}},"DataVersion":3465}