{"stats":{"minecraft:killed_by":{"man:managgresive":1,"minecraft:skeleton":1},"minecraft:custom":{"minecraft:interact_with_furnace":7,"minecraft:interact_with_crafting_table":10,"minecraft:leave_game":2,"minecraft:time_since_death":54752,"minecraft:sleep_in_bed":3,"minecraft:climb_one_cm":1858,"minecraft:time_since_rest":20779,"minecraft:sprint_one_cm":49391,"minecraft:damage_taken":875,"minecraft:walk_one_cm":289283,"minecraft:drop":4,"minecraft:damage_dealt":50,"minecraft:swim_one_cm":8405,"minecraft:talked_to_villager":1,"minecraft:fly_one_cm":64451,"minecraft:open_chest":8,"minecraft:crouch_one_cm":674,"minecraft:play_time":80520,"minecraft:deaths":2,"minecraft:sneak_time":381,"minecraft:walk_under_water_one_cm":1554,"minecraft:jump":470,"minecraft:walk_on_water_one_cm":2048,"minecraft:interact_with_smoker":3,"minecraft:total_world_time":80520,"minecraft:fall_one_cm":6037},"minecraft:mined":{"minecraft:smoker":1,"minecraft:crafting_table":3,"minecraft:torch":8,"minecraft:oak_wood":9,"minecraft:chest":1,"minecraft:copper_ore":22,"minecraft:wall_torch":8,"minecraft:spawner":1,"minecraft:hay_block":11,"minecraft:carrots":29,"minecraft:iron_ore":4,"minecraft:wheat":59,"minecraft:stone_brick_stairs":3,"minecraft:grass":1,"minecraft:coal_ore":55,"minecraft:potatoes":9,"minecraft:oak_log":9,"minecraft:dirt_path":1,"minecraft:beetroots":3,"minecraft:gravel":1,"minecraft:stone_bricks":4,"minecraft:stone":55,"minecraft:oak_leaves":1},"minecraft:dropped":{"minecraft:wheat_seeds":31,"minecraft:beetroot":6,"minecraft:beetroot_seeds":10},"minecraft:crafted":{"minecraft:wooden_sword":1,"minecraft:oak_planks":36,"minecraft:crafting_table":2,"minecraft:wooden_pickaxe":1,"minecraft:furnace":2,"minecraft:copper_ingot":71,"minecraft:bread":52,"minecraft:wooden_hoe":1,"minecraft:stick":32,"minecraft:iron_ingot":2,"minecraft:stone_pickaxe":1,"minecraft:wooden_axe":1,"minecraft:stone_sword":1,"minecraft:torch":84,"minecraft:wheat":99,"minecraft:smoker":1},"minecraft:broken":{"minecraft:stone_pickaxe":1},"minecraft:picked_up":{"minecraft:crafting_table":3,"minecraft:wheat":59,"minecraft:andesite":2,"minecraft:smoker":1,"minecraft:potato":28,"minecraft:enchanted_book":1,"minecraft:stone_brick_stairs":5,"minecraft:oak_log":9,"minecraft:raw_copper":78,"minecraft:stone_bricks":4,"minecraft:apple":2,"minecraft:beetroot":6,"graveyard:corruption":1,"minecraft:wheat_seeds":153,"minecraft:gold_nugget":1,"minecraft:bell":1,"minecraft:iron_ingot":2,"minecraft:chest":1,"minecraft:raw_iron":4,"minecraft:torch":17,"minecraft:gravel":1,"minecraft:ink_sac":1,"minecraft:carrot":102,"minecraft:oak_wood":9,"minecraft:rotten_flesh":4,"minecraft:beetroot_seeds":10,"minecraft:hay_block":11,"minecraft:grass":1,"tombstone:magic_scroll":1,"minecraft:mutton":1,"minecraft:coal":55,"minecraft:cobblestone":55},"minecraft:used":{"minecraft:wheat_seeds":82,"minecraft:stone_sword":1,"minecraft:stone_pickaxe":132,"minecraft:chest":1,"minecraft:wooden_pickaxe":14,"minecraft:torch":17,"minecraft:crafting_table":4,"minecraft:carrot":10,"minecraft:smoker":2,"minecraft:wooden_axe":3,"minecraft:bread":5,"minecraft:gravel":1,"minecraft:stone_brick_stairs":4,"minecraft:stone_bricks":4,"minecraft:cobblestone":18,"minecraft:furnace":1,"minecraft:andesite":2,"alexsmobs:animal_dictionary":5,"minecraft:potato":8}},"DataVersion":3465}