{"stats":{"minecraft:killed_by":{"man:managgresive":1},"minecraft:custom":{"minecraft:time_since_rest":12759,"minecraft:open_chest":2,"minecraft:sprint_one_cm":11715,"minecraft:play_time":25088,"minecraft:deaths":1,"minecraft:damage_taken":470,"minecraft:walk_one_cm":99846,"minecraft:sneak_time":81,"minecraft:jump":89,"minecraft:leave_game":1,"minecraft:walk_on_water_one_cm":116,"minecraft:time_since_death":21698,"minecraft:sleep_in_bed":1,"minecraft:total_world_time":25088,"minecraft:talked_to_villager":1,"minecraft:crouch_one_cm":26,"minecraft:interact_with_crafting_table":2,"minecraft:fall_one_cm":2198,"minecraft:fly_one_cm":9948},"minecraft:mined":{"minecraft:grass":1,"minecraft:hay_block":11,"minecraft:oak_log":9,"minecraft:oak_wood":9,"minecraft:dirt_path":1,"minecraft:crafting_table":1,"minecraft:oak_leaves":1},"minecraft:crafted":{"minecraft:wooden_sword":1,"minecraft:oak_planks":36,"minecraft:wooden_hoe":1,"minecraft:crafting_table":1,"minecraft:stick":8,"minecraft:wooden_pickaxe":1,"minecraft:bread":33,"minecraft:wheat":99,"minecraft:wooden_axe":1},"minecraft:picked_up":{"minecraft:oak_wood":9,"minecraft:rotten_flesh":2,"minecraft:apple":2,"graveyard:corruption":1,"minecraft:hay_block":11,"minecraft:oak_log":9,"minecraft:crafting_table":1},"minecraft:used":{"minecraft:wooden_axe":1,"minecraft:crafting_table":1,"alexsmobs:animal_dictionary":2}},"DataVersion":3465}