{"stats":{"minecraft:killed_by":{"man:managgresive":1,"minecraft:skeleton":1},"minecraft:custom":{"minecraft:interact_with_furnace":13,"minecraft:interact_with_crafting_table":20,"minecraft:bell_ring":2,"minecraft:leave_game":3,"minecraft:time_since_death":81956,"minecraft:sleep_in_bed":4,"minecraft:climb_one_cm":1912,"minecraft:time_since_rest":22756,"minecraft:sprint_one_cm":53738,"minecraft:damage_taken":875,"minecraft:walk_one_cm":347220,"minecraft:drop":7,"minecraft:damage_dealt":50,"minecraft:swim_one_cm":8405,"minecraft:talked_to_villager":1,"minecraft:fly_one_cm":69810,"minecraft:open_chest":11,"minecraft:crouch_one_cm":1646,"minecraft:play_time":107724,"minecraft:deaths":2,"minecraft:sneak_time":1255,"minecraft:walk_under_water_one_cm":1554,"minecraft:jump":521,"minecraft:walk_on_water_one_cm":2048,"minecraft:interact_with_smoker":4,"minecraft:total_world_time":107724,"minecraft:fall_one_cm":7620},"minecraft:mined":{"minecraft:acacia_leaves":1,"minecraft:smoker":1,"minecraft:oak_fence":3,"minecraft:crafting_table":5,"minecraft:torch":9,"minecraft:oak_wood":9,"minecraft:stone_brick_wall":3,"minecraft:chest":1,"minecraft:cobblestone":2,"minecraft:tall_grass":1,"minecraft:copper_ore":22,"minecraft:wall_torch":8,"minecraft:spawner":1,"minecraft:hay_block":11,"minecraft:carrots":29,"minecraft:iron_ore":6,"minecraft:wheat":59,"minecraft:stone_brick_stairs":3,"minecraft:grass":2,"minecraft:coal_ore":55,"minecraft:potatoes":9,"minecraft:oak_log":22,"minecraft:dirt_path":1,"minecraft:beetroots":3,"minecraft:gravel":1,"minecraft:cobweb":3,"minecraft:stone_bricks":8,"minecraft:stone":139,"minecraft:oak_leaves":1},"minecraft:dropped":{"minecraft:wheat_seeds":31,"minecraft:oak_log":13,"minecraft:oak_fence":3,"minecraft:beetroot":6,"minecraft:beetroot_seeds":10,"minecraft:stone_brick_wall":3},"minecraft:crafted":{"minecraft:wooden_sword":1,"minecraft:oak_planks":92,"minecraft:crafting_table":2,"minecraft:wooden_pickaxe":1,"minecraft:baked_potato":30,"minecraft:iron_helmet":1,"minecraft:furnace":2,"minecraft:copper_ingot":78,"minecraft:cooked_mutton":1,"minecraft:bread":52,"minecraft:wooden_hoe":1,"minecraft:shield":1,"minecraft:stick":36,"minecraft:iron_ingot":4,"minecraft:stone_pickaxe":2,"minecraft:wooden_axe":1,"minecraft:stone_sword":1,"minecraft:copper_block":8,"minecraft:torch":84,"minecraft:wheat":99,"minecraft:smoker":1},"minecraft:broken":{"minecraft:stone_pickaxe":1},"minecraft:picked_up":{"minecraft:crafting_table":5,"minecraft:wheat":59,"minecraft:andesite":2,"minecraft:smoker":1,"minecraft:potato":28,"minecraft:stone_brick_wall":3,"minecraft:enchanted_book":1,"minecraft:stone_brick_stairs":5,"minecraft:oak_log":35,"minecraft:string":3,"minecraft:raw_copper":78,"minecraft:stone_bricks":8,"minecraft:apple":2,"minecraft:beetroot":6,"graveyard:corruption":1,"minecraft:wheat_seeds":153,"minecraft:gold_nugget":1,"minecraft:bell":1,"minecraft:iron_ingot":2,"minecraft:chest":1,"minecraft:raw_iron":6,"minecraft:oak_fence":3,"minecraft:torch":19,"minecraft:gravel":1,"minecraft:ink_sac":1,"minecraft:carrot":102,"minecraft:oak_wood":9,"minecraft:rotten_flesh":4,"minecraft:beetroot_seeds":10,"minecraft:hay_block":11,"minecraft:grass":1,"tombstone:magic_scroll":1,"minecraft:mutton":1,"minecraft:coal":55,"minecraft:cobblestone":139},"minecraft:used":{"minecraft:wheat_seeds":82,"minecraft:stone_sword":5,"minecraft:stone_pickaxe":220,"minecraft:chest":1,"minecraft:wooden_pickaxe":22,"minecraft:bell":1,"minecraft:torch":28,"minecraft:crafting_table":6,"minecraft:carrot":10,"minecraft:smoker":2,"minecraft:wooden_axe":22,"minecraft:bread":5,"minecraft:iron_helmet":1,"minecraft:gravel":1,"minecraft:stone_brick_stairs":4,"minecraft:stone_bricks":8,"minecraft:cobblestone":33,"minecraft:furnace":1,"minecraft:andesite":2,"alexsmobs:animal_dictionary":5,"minecraft:potato":8}},"DataVersion":3465}