{"stats":{"minecraft:killed_by":{"man:managgresive":1,"minecraft:skeleton":1},"minecraft:custom":{"minecraft:time_since_rest":16340,"minecraft:sprint_one_cm":26847,"minecraft:damage_taken":795,"minecraft:walk_one_cm":169831,"minecraft:swim_one_cm":8405,"minecraft:talked_to_villager":1,"minecraft:interact_with_crafting_table":3,"minecraft:fly_one_cm":43788,"minecraft:open_chest":3,"minecraft:play_time":44520,"minecraft:crouch_one_cm":26,"minecraft:deaths":2,"minecraft:sneak_time":87,"minecraft:walk_under_water_one_cm":1554,"minecraft:jump":298,"minecraft:leave_game":2,"minecraft:walk_on_water_one_cm":2010,"minecraft:time_since_death":18752,"minecraft:sleep_in_bed":2,"minecraft:climb_one_cm":284,"minecraft:total_world_time":44520,"minecraft:fall_one_cm":4474},"minecraft:mined":{"minecraft:hay_block":11,"minecraft:iron_ore":2,"minecraft:crafting_table":2,"minecraft:torch":3,"minecraft:grass":1,"minecraft:oak_wood":9,"minecraft:oak_log":9,"minecraft:coal_ore":21,"minecraft:dirt_path":1,"minecraft:gravel":1,"minecraft:copper_ore":13,"minecraft:stone":35,"minecraft:oak_leaves":1,"minecraft:wall_torch":2,"minecraft:spawner":1},"minecraft:crafted":{"minecraft:wooden_sword":1,"minecraft:oak_planks":36,"minecraft:wooden_hoe":1,"minecraft:crafting_table":1,"minecraft:stick":32,"minecraft:wooden_pickaxe":1,"minecraft:stone_pickaxe":1,"minecraft:wooden_axe":1,"minecraft:stone_sword":1,"minecraft:torch":84,"minecraft:bread":33,"minecraft:wheat":99},"minecraft:picked_up":{"minecraft:raw_iron":2,"minecraft:crafting_table":2,"minecraft:torch":6,"minecraft:gravel":1,"minecraft:oak_log":9,"minecraft:raw_copper":51,"minecraft:oak_wood":9,"minecraft:rotten_flesh":2,"minecraft:apple":2,"graveyard:corruption":1,"minecraft:hay_block":11,"minecraft:coal":21,"minecraft:cobblestone":35},"minecraft:used":{"minecraft:wooden_axe":2,"minecraft:bread":2,"minecraft:stone_pickaxe":58,"minecraft:wooden_pickaxe":14,"minecraft:torch":15,"minecraft:cobblestone":2,"minecraft:crafting_table":2,"alexsmobs:animal_dictionary":5}},"DataVersion":3465}