{"stats":{"minecraft:used":{"minecraft:dirt":4,"minecraft:cooked_porkchop":2,"minecraft:oak_planks":5},"minecraft:killed_by":{"minecraft:creeper":1},"minecraft:custom":{"minecraft:open_chest":3,"minecraft:time_since_rest":3010,"minecraft:interact_with_campfire":3,"minecraft:walk_one_cm":31079,"minecraft:play_time":46917,"minecraft:crouch_one_cm":893,"minecraft:sprint_one_cm":74301,"minecraft:damage_taken":230,"minecraft:deaths":1,"minecraft:sneak_time":138,"minecraft:mob_kills":1,"minecraft:drop":1,"minecraft:jump":250,"minecraft:damage_dealt":100,"minecraft:leave_game":1,"minecraft:time_since_death":17498,"minecraft:sleep_in_bed":1,"minecraft:climb_one_cm":183,"minecraft:total_world_time":46917,"minecraft:play_noteblock":6,"minecraft:tune_noteblock":3,"minecraft:fall_one_cm":6101,"minecraft:fly_one_cm":59750},"minecraft:crafted":{"minecraft:oak_planks":20},"minecraft:picked_up":{"minecraft:wheat":6,"minecraft:cooked_porkchop":3,"minecraft:wheat_seeds":18,"minecraft:porkchop":3,"minecraft:oak_log":5,"minecraft:dirt":20},"minecraft:mined":{"minecraft:grass":2,"minecraft:oak_log":5,"minecraft:dirt":2,"minecraft:tall_grass":1},"minecraft:killed":{"minecraft:pig":1},"minecraft:dropped":{"minecraft:dirt":1}},"DataVersion":3465}