{"stats":{"minecraft:used":{"minecraft:water_bucket":3,"minecraft:stone_sword":18,"minecraft:stone_pickaxe":76,"minecraft:oak_planks":5,"minecraft:shield":11,"minecraft:wooden_pickaxe":6,"minecraft:torch":17,"minecraft:dirt":4,"minecraft:crafting_table":6,"minecraft:bread":9,"minecraft:stone_axe":41,"minecraft:bow":1,"minecraft:potion":1,"minecraft:furnace":1,"minecraft:cooked_porkchop":3,"minecraft:bucket":4,"alexsmobs:animal_dictionary":1,"minecraft:cobweb":4},"minecraft:killed_by":{"minecraft:creeper":1,"alexsmobs:murmur_head":1},"minecraft:custom":{"minecraft:interact_with_furnace":4,"minecraft:mob_kills":18,"minecraft:tune_noteblock":3,"minecraft:interact_with_crafting_table":13,"minecraft:interact_with_campfire":3,"minecraft:leave_game":2,"minecraft:time_since_death":2072,"minecraft:sleep_in_bed":2,"minecraft:climb_one_cm":183,"minecraft:time_since_rest":1,"minecraft:sprint_one_cm":194631,"minecraft:damage_taken":915,"minecraft:walk_one_cm":74672,"minecraft:damage_blocked_by_shield":585,"minecraft:drop":3,"minecraft:damage_dealt":2335,"minecraft:play_noteblock":6,"minecraft:fly_one_cm":212448,"minecraft:open_chest":7,"minecraft:sneak_time":381,"minecraft:crouch_one_cm":1304,"minecraft:play_time":71710,"tombstone:undead_killed":2,"minecraft:deaths":2,"minecraft:walk_under_water_one_cm":281,"minecraft:jump":918,"minecraft:walk_on_water_one_cm":811,"minecraft:total_world_time":71710,"minecraft:fall_one_cm":29332},"minecraft:crafted":{"minecraft:oak_planks":64,"minecraft:crafting_table":1,"minecraft:wooden_pickaxe":1,"minecraft:furnace":1,"minecraft:bucket":1,"minecraft:stone_axe":1,"minecraft:air":0,"minecraft:bow":1,"minecraft:shield":1,"minecraft:stick":16,"minecraft:iron_ingot":4,"minecraft:stone_pickaxe":1,"minecraft:stone_sword":1,"minecraft:white_bed":1,"minecraft:torch":20},"minecraft:picked_up":{"minecraft:crafting_table":6,"minecraft:wheat":6,"minecraft:oak_log":5,"minecraft:dirt":21,"minecraft:string":3,"minecraft:bone":2,"minecraft:wheat_seeds":18,"minecraft:cobbled_deepslate":1,"minecraft:furnace":1,"minecraft:raw_iron":11,"minecraft:cooked_porkchop":3,"minecraft:porkchop":17,"tombstone:grave_dust":1,"minecraft:oak_wood":11,"minecraft:arrow":3,"minecraft:hay_block":7,"minecraft:mutton":8,"minecraft:coal":49,"minecraft:white_wool":5,"minecraft:cobblestone":21},"minecraft:mined":{"minecraft:crafting_table":6,"minecraft:oak_wood":12,"minecraft:grass_block":1,"minecraft:tall_grass":2,"minecraft:hay_block":7,"minecraft:furnace":1,"minecraft:iron_ore":4,"minecraft:grass":4,"minecraft:oak_log":5,"minecraft:coal_ore":49,"minecraft:deepslate_iron_ore":7,"minecraft:dirt":2,"minecraft:cobweb":4,"minecraft:stone":20,"minecraft:deepslate":1},"minecraft:dropped":{"minecraft:glass_bottle":1,"minecraft:stick":1,"minecraft:dirt":1},"minecraft:killed":{"minecraft:pig":9,"minecraft:spider":1,"minecraft:sheep":5,"minecraft:skeleton":2}},"DataVersion":3465}