{"stats":{"minecraft:used":{"minecraft:stone_pickaxe":57,"minecraft:bread":5,"minecraft:oak_planks":5,"minecraft:wooden_pickaxe":6,"minecraft:stone_axe":21,"minecraft:dirt":4,"minecraft:crafting_table":2,"minecraft:cooked_porkchop":3,"alexsmobs:animal_dictionary":1},"minecraft:killed_by":{"minecraft:creeper":1},"minecraft:custom":{"minecraft:time_since_rest":27,"minecraft:sprint_one_cm":130433,"minecraft:damage_taken":530,"minecraft:walk_one_cm":55087,"minecraft:mob_kills":3,"minecraft:drop":1,"minecraft:damage_dealt":560,"minecraft:play_noteblock":6,"minecraft:interact_with_crafting_table":3,"minecraft:tune_noteblock":3,"minecraft:fly_one_cm":132635,"minecraft:open_chest":7,"minecraft:crouch_one_cm":1039,"tombstone:undead_killed":1,"minecraft:play_time":58917,"minecraft:deaths":1,"minecraft:interact_with_campfire":3,"minecraft:sneak_time":180,"minecraft:jump":571,"minecraft:leave_game":1,"minecraft:time_since_death":29498,"minecraft:sleep_in_bed":2,"minecraft:total_world_time":58917,"minecraft:climb_one_cm":183,"minecraft:fall_one_cm":16674},"minecraft:crafted":{"minecraft:oak_planks":20,"minecraft:crafting_table":1,"minecraft:stick":8,"minecraft:iron_ingot":1,"minecraft:wooden_pickaxe":1,"minecraft:stone_pickaxe":1,"minecraft:stone_axe":1},"minecraft:picked_up":{"minecraft:raw_iron":3,"minecraft:crafting_table":2,"minecraft:wheat":6,"minecraft:cooked_porkchop":3,"minecraft:porkchop":3,"minecraft:oak_log":5,"tombstone:grave_dust":1,"minecraft:dirt":21,"minecraft:oak_wood":11,"minecraft:bone":1,"minecraft:arrow":1,"minecraft:wheat_seeds":18,"minecraft:hay_block":7,"minecraft:mutton":1,"minecraft:coal":44,"minecraft:white_wool":1,"minecraft:cobblestone":18},"minecraft:mined":{"minecraft:hay_block":7,"minecraft:iron_ore":3,"minecraft:crafting_table":2,"minecraft:oak_wood":12,"minecraft:grass_block":1,"minecraft:grass":2,"minecraft:coal_ore":44,"minecraft:oak_log":5,"minecraft:dirt":2,"minecraft:tall_grass":2,"minecraft:stone":16},"minecraft:dropped":{"minecraft:dirt":1},"minecraft:killed":{"minecraft:sheep":1,"minecraft:skeleton":1,"minecraft:pig":1}},"DataVersion":3465}