{"stats":{"minecraft:killed_by":{"man:managgresive":1,"minecraft:skeleton":1,"minecraft:zombie":1},"minecraft:custom":{"minecraft:interact_with_furnace":6,"minecraft:mob_kills":3,"minecraft:interact_with_crafting_table":18,"minecraft:time_since_death":61847,"minecraft:climb_one_cm":1001,"minecraft:time_since_rest":58248,"minecraft:sprint_one_cm":87190,"minecraft:damage_taken":1375,"minecraft:walk_one_cm":505252,"minecraft:drop":10,"minecraft:damage_dealt":454,"minecraft:fly_one_cm":44267,"minecraft:open_chest":13,"minecraft:crouch_one_cm":856,"minecraft:play_time":174230,"tombstone:undead_killed":1,"minecraft:deaths":4,"minecraft:sneak_time":120,"minecraft:walk_under_water_one_cm":13,"minecraft:jump":1072,"minecraft:walk_on_water_one_cm":2872,"minecraft:total_world_time":174230,"minecraft:fall_one_cm":17556},"minecraft:mined":{"minecraft:deepslate_redstone_ore":5,"minecraft:white_bed":4,"minecraft:glass_pane":9,"minecraft:oak_door":1,"minecraft:dandelion":1,"minecraft:oak_fence":7,"minecraft:glow_lichen":1,"minecraft:oak_wood":54,"minecraft:grass_block":234,"minecraft:calcite":57,"minecraft:chest":1,"minecraft:campfire":1,"minecraft:cobblestone":45,"minecraft:tall_grass":4,"minecraft:copper_ore":11,"minecraft:deepslate_coal_ore":3,"minecraft:spruce_leaves":1,"minecraft:deepslate_gold_ore":9,"minecraft:potted_acacia_sapling":1,"minecraft:diorite":189,"minecraft:oxeye_daisy":1,"minecraft:wall_torch":3,"minecraft:deepslate_copper_ore":11,"minecraft:large_fern":2,"minecraft:hay_block":1,"minecraft:oak_trapdoor":6,"minecraft:iron_ore":19,"minecraft:cobbled_deepslate":2,"minecraft:birch_leaves":1,"minecraft:andesite":30,"minecraft:deepslate_lapis_ore":1,"minecraft:azure_bluet":4,"minecraft:pointed_dripstone":1,"minecraft:grass":65,"minecraft:coal_ore":14,"minecraft:bookshelf":4,"minecraft:oak_log":32,"minecraft:deepslate_iron_ore":3,"minecraft:oak_stairs":7,"minecraft:gravel":6,"minecraft:dirt":141,"minecraft:stone":407,"minecraft:deepslate":468,"minecraft:oak_leaves":10},"minecraft:dropped":{"minecraft:gravel":12,"tombstone:gift":1,"minecraft:iron_helmet":1,"minecraft:iron_boots":1,"minecraft:hay_block":1,"minecraft:oak_wood":3,"minecraft:iron_chestplate":1,"minecraft:iron_leggings":1,"minecraft:dandelion":5},"minecraft:crafted":{"minecraft:crossbow":1,"minecraft:oak_planks":136,"minecraft:stone_shovel":2,"minecraft:tripwire_hook":4,"minecraft:crafting_table":1,"minecraft:wooden_pickaxe":2,"minecraft:iron_sword":1,"minecraft:furnace":1,"minecraft:oak_wood":15,"minecraft:stick":62,"minecraft:iron_ingot":22,"minecraft:iron_pickaxe":4,"minecraft:stone_pickaxe":3,"minecraft:wooden_axe":1,"minecraft:torch":44},"minecraft:broken":{"minecraft:stone_pickaxe":2,"minecraft:stone_axe":1,"minecraft:iron_pickaxe":4,"minecraft:stone_shovel":2,"minecraft:wooden_pickaxe":2},"minecraft:killed":{"minecraft:pig":1,"minecraft:skeleton":1,"minecraft:cow":1},"minecraft:picked_up":{"minecraft:charcoal":2,"minecraft:iron_chestplate":2,"minecraft:mossy_cobblestone_slab":1,"minecraft:azure_bluet":15,"minecraft:flower_pot":1,"minecraft:andesite":23,"minecraft:leather":1,"minecraft:oak_stairs":5,"minecraft:oak_log":31,"minecraft:lapis_lazuli":12,"minecraft:oak_trapdoor":6,"minecraft:dirt":369,"minecraft:lantern":2,"minecraft:raw_copper":53,"minecraft:iron_leggings":1,"minecraft:bone":2,"minecraft:gold_nugget":3,"minecraft:diamond_leggings":1,"minecraft:wheat_seeds":11,"minecraft:cobbled_deepslate":220,"minecraft:raw_gold":9,"minecraft:beef":2,"minecraft:stone_pickaxe":1,"minecraft:calcite":57,"minecraft:poppy":1,"minecraft:iron_pickaxe":1,"minecraft:diamond_helmet":1,"minecraft:chest":1,"minecraft:acacia_sapling":1,"minecraft:iron_boots":1,"minecraft:book":12,"minecraft:raw_iron":23,"minecraft:cooked_porkchop":2,"minecraft:oak_door":1,"minecraft:oak_fence":6,"minecraft:torch":3,"minecraft:dandelion":5,"minecraft:gravel":12,"minecraft:diorite":101,"minecraft:white_bed":4,"minecraft:oak_wood":31,"minecraft:diamond_chestplate":1,"minecraft:rotten_flesh":3,"minecraft:stone_axe":1,"minecraft:diamond_boots":1,"minecraft:hay_block":2,"minecraft:iron_helmet":1,"minecraft:coal":33,"minecraft:skeleton_skull":1,"minecraft:cobblestone":373,"minecraft:oxeye_daisy":1},"minecraft:used":{"minecraft:stone_shovel":286,"minecraft:stone_pickaxe":262,"minecraft:wooden_pickaxe":120,"minecraft:iron_sword":8,"minecraft:rotten_flesh":3,"minecraft:torch":26,"minecraft:dirt":57,"minecraft:crafting_table":1,"minecraft:iron_pickaxe":1010,"tombstone:grave_key":7,"minecraft:stone_axe":85,"minecraft:cobblestone":207,"minecraft:cooked_porkchop":2,"minecraft:furnace":1,"alexsmobs:animal_dictionary":1,"minecraft:cobbled_deepslate":4}},"DataVersion":3465}