{"stats":{"minecraft:killed_by":{"man:managgresive":2,"minecraft:skeleton":1,"minecraft:zombie":1},"minecraft:custom":{"minecraft:mob_kills":4,"minecraft:interact_with_crafting_table":28,"minecraft:leave_game":4,"minecraft:time_since_death":90860,"minecraft:climb_one_cm":1001,"minecraft:sprint_one_cm":94942,"minecraft:walk_one_cm":745500,"minecraft:drop":15,"minecraft:play_noteblock":1,"minecraft:play_time":288461,"minecraft:deaths":5,"minecraft:sneak_time":178,"minecraft:walk_under_water_one_cm":13,"minecraft:jump":1598,"minecraft:walk_on_water_one_cm":2872,"minecraft:total_world_time":288461,"minecraft:interact_with_furnace":11,"minecraft:sleep_in_bed":1,"minecraft:time_since_rest":40345,"minecraft:damage_taken":1916,"minecraft:damage_dealt":571,"minecraft:fly_one_cm":54541,"minecraft:open_chest":29,"minecraft:crouch_one_cm":1185,"tombstone:undead_killed":1,"minecraft:fall_one_cm":28458},"minecraft:mined":{"minecraft:spruce_planks":10,"minecraft:white_bed":4,"minecraft:oak_door":1,"minecraft:glow_lichen":1,"minecraft:grass_block":243,"minecraft:soul_soil":18,"minecraft:spruce_leaves":1,"minecraft:mud_bricks":1,"minecraft:crimson_fungus":3,"minecraft:oxeye_daisy":1,"minecraft:large_fern":2,"minecraft:hay_block":1,"minecraft:oak_trapdoor":7,"minecraft:nether_sprouts":8,"minecraft:iron_ore":20,"minecraft:cobbled_deepslate":2,"minecraft:acacia_wood":15,"minecraft:andesite":223,"minecraft:deepslate_lapis_ore":1,"minecraft:stripped_dark_oak_wood":1,"minecraft:azure_bluet":4,"minecraft:bookshelf":4,"minecraft:pointed_dripstone":1,"minecraft:deepslate_iron_ore":3,"minecraft:shroomlight":1,"minecraft:oak_stairs":8,"minecraft:green_carpet":1,"minecraft:stone":874,"minecraft:deepslate_redstone_ore":5,"minecraft:acacia_leaves":1,"minecraft:glass_pane":9,"minecraft:dandelion":1,"minecraft:oak_fence":7,"minecraft:dark_oak_wood":1,"minecraft:oak_wood":54,"minecraft:calcite":57,"minecraft:warped_roots":31,"minecraft:chest":1,"minecraft:campfire":1,"minecraft:tall_grass":7,"minecraft:copper_ore":26,"minecraft:cobblestone":50,"minecraft:deepslate_coal_ore":3,"minecraft:deepslate_gold_ore":9,"minecraft:potted_acacia_sapling":1,"minecraft:diorite":189,"minecraft:wall_torch":6,"minecraft:deepslate_copper_ore":11,"minecraft:birch_leaves":1,"minecraft:warped_fungus":23,"minecraft:grass":77,"minecraft:oak_log":64,"minecraft:coal_ore":59,"minecraft:gravel":26,"minecraft:dirt":187,"minecraft:oak_leaves":11,"minecraft:deepslate":468},"minecraft:crafted":{"minecraft:oak_planks":192,"minecraft:stone_shovel":2,"minecraft:tripwire_hook":4,"minecraft:furnace":2,"minecraft:stone_pickaxe":3,"minecraft:crossbow":1,"minecraft:crafting_table":3,"minecraft:wooden_pickaxe":2,"minecraft:iron_sword":1,"minecraft:copper_ingot":17,"minecraft:oak_wood":18,"minecraft:stick":86,"minecraft:iron_ingot":24,"minecraft:iron_pickaxe":6,"minecraft:wooden_axe":2,"minecraft:iron_shovel":1,"minecraft:torch":44},"minecraft:used":{"minecraft:iron_shovel":47,"minecraft:stone_shovel":286,"minecraft:iron_sword":14,"minecraft:rotten_flesh":7,"minecraft:torch":44,"minecraft:dirt":109,"minecraft:wooden_axe":61,"minecraft:furnace":2,"minecraft:cobbled_deepslate":4,"minecraft:stone_pickaxe":275,"minecraft:wooden_pickaxe":120,"minecraft:crafting_table":2,"minecraft:iron_pickaxe":1761,"tombstone:grave_key":11,"minecraft:gravel":21,"minecraft:stone_axe":85,"minecraft:cobblestone":239,"minecraft:cooked_porkchop":4,"alexsmobs:animal_dictionary":1},"minecraft:picked_up":{"minecraft:wooden_axe":1,"minecraft:charcoal":2,"minecraft:iron_chestplate":2,"minecraft:azure_bluet":15,"minecraft:flower_pot":1,"minecraft:oak_stairs":6,"minecraft:oak_trapdoor":7,"minecraft:soul_soil":18,"minecraft:raw_copper":106,"minecraft:iron_leggings":1,"minecraft:shroomlight":1,"minecraft:diamond_leggings":1,"minecraft:gold_nugget":3,"minecraft:cobbled_deepslate":220,"minecraft:spruce_planks":10,"minecraft:beef":2,"minecraft:calcite":57,"minecraft:iron_pickaxe":4,"minecraft:poppy":1,"minecraft:chest":1,"minecraft:iron_boots":1,"minecraft:raw_iron":24,"minecraft:oak_door":1,"minecraft:oak_fence":6,"minecraft:torch":6,"minecraft:diorite":101,"minecraft:diamond_chestplate":1,"minecraft:rotten_flesh":7,"minecraft:diamond_boots":1,"minecraft:hay_block":2,"minecraft:stripped_dark_oak_wood":1,"minecraft:skeleton_skull":1,"minecraft:cobblestone":835,"minecraft:oxeye_daisy":1,"minecraft:mossy_cobblestone_slab":1,"minecraft:mud_bricks":1,"minecraft:andesite":166,"minecraft:leather":1,"minecraft:acacia_wood":15,"minecraft:flint":3,"minecraft:crimson_fungus":2,"minecraft:oak_log":63,"minecraft:lapis_lazuli":12,"minecraft:dirt":420,"minecraft:lantern":2,"minecraft:bone":2,"minecraft:wheat_seeds":11,"minecraft:raw_gold":9,"minecraft:stone_pickaxe":1,"minecraft:diamond_helmet":1,"minecraft:acacia_sapling":1,"minecraft:book":12,"minecraft:warped_fungus":18,"minecraft:cooked_porkchop":4,"minecraft:dandelion":5,"minecraft:gravel":33,"minecraft:white_bed":4,"minecraft:oak_wood":31,"minecraft:stone_axe":1,"minecraft:iron_helmet":1,"minecraft:warped_roots":22,"minecraft:coal":78,"minecraft:dark_oak_wood":1},"minecraft:broken":{"minecraft:wooden_pickaxe":2,"minecraft:stone_pickaxe":2,"minecraft:stone_axe":1,"minecraft:iron_pickaxe":7,"minecraft:stone_shovel":2},"minecraft:killed":{"minecraft:skeleton":1,"minecraft:pig":1,"alexsmobs:crimson_mosquito":1,"minecraft:cow":1},"minecraft:dropped":{"minecraft:oak_log":5,"minecraft:iron_helmet":1,"minecraft:wooden_axe":1,"minecraft:iron_leggings":1,"minecraft:iron_pickaxe":3,"minecraft:dandelion":5,"minecraft:gravel":12,"tombstone:gift":1,"minecraft:iron_boots":1,"minecraft:hay_block":1,"minecraft:oak_wood":3,"minecraft:iron_chestplate":1}},"DataVersion":3465}