{"stats":{"minecraft:killed_by":{"man:managgresive":1,"minecraft:skeleton":1,"minecraft:zombie":1},"minecraft:custom":{"minecraft:interact_with_furnace":6,"minecraft:mob_kills":2,"minecraft:interact_with_crafting_table":9,"minecraft:time_since_death":13847,"minecraft:climb_one_cm":1001,"minecraft:time_since_rest":10248,"minecraft:sprint_one_cm":56023,"minecraft:damage_taken":1139,"minecraft:walk_one_cm":337584,"minecraft:drop":9,"minecraft:damage_dealt":254,"minecraft:fly_one_cm":32445,"minecraft:open_chest":3,"minecraft:crouch_one_cm":190,"minecraft:play_time":126230,"minecraft:deaths":4,"minecraft:sneak_time":21,"minecraft:walk_under_water_one_cm":13,"minecraft:jump":799,"minecraft:walk_on_water_one_cm":2872,"minecraft:total_world_time":126230,"minecraft:fall_one_cm":11017},"minecraft:mined":{"minecraft:deepslate_redstone_ore":5,"minecraft:white_bed":4,"minecraft:glass_pane":9,"minecraft:oak_door":1,"minecraft:dandelion":1,"minecraft:oak_fence":7,"minecraft:glow_lichen":1,"minecraft:oak_wood":54,"minecraft:grass_block":165,"minecraft:chest":1,"minecraft:campfire":1,"minecraft:cobblestone":23,"minecraft:tall_grass":4,"minecraft:copper_ore":11,"minecraft:deepslate_coal_ore":3,"minecraft:spruce_leaves":1,"minecraft:deepslate_gold_ore":9,"minecraft:potted_acacia_sapling":1,"minecraft:diorite":2,"minecraft:oxeye_daisy":1,"minecraft:wall_torch":3,"minecraft:deepslate_copper_ore":11,"minecraft:large_fern":2,"minecraft:hay_block":1,"minecraft:oak_trapdoor":6,"minecraft:iron_ore":18,"minecraft:deepslate_lapis_ore":1,"minecraft:azure_bluet":3,"minecraft:pointed_dripstone":1,"minecraft:grass":56,"minecraft:coal_ore":14,"minecraft:bookshelf":4,"minecraft:oak_log":32,"minecraft:deepslate_iron_ore":3,"minecraft:oak_stairs":7,"minecraft:gravel":6,"minecraft:dirt":33,"minecraft:stone":375,"minecraft:deepslate":468,"minecraft:oak_leaves":10},"minecraft:dropped":{"minecraft:gravel":12,"tombstone:gift":1,"minecraft:iron_helmet":1,"minecraft:iron_boots":1,"minecraft:hay_block":1,"minecraft:oak_wood":3,"minecraft:iron_chestplate":1,"minecraft:iron_leggings":1},"minecraft:crafted":{"minecraft:oak_planks":136,"minecraft:stone_shovel":2,"minecraft:crafting_table":1,"minecraft:wooden_pickaxe":2,"minecraft:iron_sword":1,"minecraft:furnace":1,"minecraft:oak_wood":15,"minecraft:stick":62,"minecraft:iron_ingot":22,"minecraft:iron_pickaxe":3,"minecraft:stone_pickaxe":1,"minecraft:wooden_axe":1,"minecraft:torch":44},"minecraft:broken":{"minecraft:stone_pickaxe":2,"minecraft:stone_axe":1,"minecraft:iron_pickaxe":2,"minecraft:stone_shovel":1,"minecraft:wooden_pickaxe":2},"minecraft:killed":{"minecraft:pig":1,"minecraft:cow":1},"minecraft:picked_up":{"minecraft:charcoal":2,"minecraft:iron_chestplate":2,"minecraft:mossy_cobblestone_slab":1,"minecraft:azure_bluet":5,"minecraft:flower_pot":1,"minecraft:leather":1,"minecraft:oak_stairs":5,"minecraft:oak_log":31,"minecraft:lapis_lazuli":12,"minecraft:oak_trapdoor":6,"minecraft:dirt":158,"minecraft:lantern":2,"minecraft:raw_copper":53,"minecraft:iron_leggings":1,"minecraft:gold_nugget":3,"minecraft:diamond_leggings":1,"minecraft:wheat_seeds":10,"minecraft:cobbled_deepslate":219,"minecraft:raw_gold":9,"minecraft:beef":2,"minecraft:stone_pickaxe":1,"minecraft:poppy":1,"minecraft:iron_pickaxe":1,"minecraft:diamond_helmet":1,"minecraft:chest":1,"minecraft:acacia_sapling":1,"minecraft:iron_boots":1,"minecraft:book":12,"minecraft:raw_iron":22,"minecraft:oak_door":1,"minecraft:oak_fence":6,"minecraft:torch":3,"minecraft:dandelion":3,"minecraft:gravel":12,"minecraft:white_bed":4,"minecraft:oak_wood":31,"minecraft:diamond_chestplate":1,"minecraft:rotten_flesh":3,"minecraft:stone_axe":1,"minecraft:diamond_boots":1,"minecraft:hay_block":2,"minecraft:iron_helmet":1,"minecraft:coal":33,"minecraft:cobblestone":328,"minecraft:oxeye_daisy":1},"minecraft:used":{"minecraft:stone_shovel":150,"minecraft:stone_pickaxe":262,"minecraft:wooden_pickaxe":120,"minecraft:iron_sword":3,"minecraft:rotten_flesh":3,"minecraft:torch":9,"minecraft:crafting_table":1,"minecraft:iron_pickaxe":643,"tombstone:grave_key":7,"minecraft:stone_axe":85,"minecraft:cobblestone":10,"minecraft:furnace":1,"alexsmobs:animal_dictionary":1}},"DataVersion":3465}