{"stats":{"minecraft:killed_by":{"man:managgresive":1,"minecraft:skeleton":1},"minecraft:custom":{"minecraft:time_since_rest":7552,"minecraft:interact_with_furnace":1,"minecraft:sprint_one_cm":8020,"minecraft:damage_taken":510,"minecraft:walk_one_cm":132203,"minecraft:mob_kills":2,"minecraft:damage_dealt":174,"minecraft:interact_with_crafting_table":2,"minecraft:fly_one_cm":2085,"minecraft:crouch_one_cm":91,"minecraft:play_time":48230,"minecraft:deaths":2,"minecraft:sneak_time":11,"minecraft:walk_under_water_one_cm":13,"minecraft:jump":126,"minecraft:walk_on_water_one_cm":2872,"minecraft:time_since_death":22514,"minecraft:total_world_time":48230,"minecraft:climb_one_cm":1001,"minecraft:fall_one_cm":1045},"minecraft:mined":{"minecraft:large_fern":2,"minecraft:hay_block":1,"minecraft:oak_trapdoor":6,"minecraft:white_bed":4,"minecraft:glass_pane":9,"minecraft:iron_ore":4,"minecraft:oak_door":1,"minecraft:glow_lichen":1,"minecraft:oak_fence":7,"minecraft:azure_bluet":1,"minecraft:grass":36,"minecraft:oak_wood":54,"minecraft:bookshelf":4,"minecraft:oak_log":32,"minecraft:chest":1,"minecraft:oak_stairs":7,"minecraft:gravel":2,"minecraft:dirt":1,"minecraft:campfire":1,"minecraft:copper_ore":10,"minecraft:tall_grass":4,"minecraft:stone":118,"minecraft:potted_acacia_sapling":1,"minecraft:oak_leaves":10,"minecraft:oxeye_daisy":1,"minecraft:wall_torch":2},"minecraft:broken":{"minecraft:stone_axe":1,"minecraft:wooden_pickaxe":1},"minecraft:crafted":{"minecraft:oak_planks":136,"minecraft:crafting_table":1,"minecraft:stick":62,"minecraft:stone_pickaxe":1,"minecraft:wooden_pickaxe":2,"minecraft:wooden_axe":1,"minecraft:oak_wood":12},"minecraft:killed":{"minecraft:pig":1,"minecraft:cow":1},"minecraft:picked_up":{"minecraft:book":12,"minecraft:charcoal":2,"minecraft:raw_iron":4,"minecraft:iron_chestplate":1,"minecraft:mossy_cobblestone_slab":1,"minecraft:oak_door":1,"minecraft:flower_pot":1,"minecraft:leather":1,"minecraft:oak_fence":6,"minecraft:torch":2,"minecraft:oak_stairs":5,"minecraft:gravel":2,"minecraft:oak_log":31,"minecraft:white_bed":4,"minecraft:dirt":1,"minecraft:oak_trapdoor":6,"minecraft:lantern":2,"minecraft:raw_copper":32,"minecraft:iron_leggings":1,"minecraft:oak_wood":28,"minecraft:stone_axe":1,"minecraft:wheat_seeds":7,"minecraft:iron_helmet":1,"minecraft:hay_block":1,"minecraft:beef":2,"minecraft:poppy":1,"minecraft:chest":1,"minecraft:acacia_sapling":1,"minecraft:cobblestone":129,"minecraft:iron_boots":1,"minecraft:oxeye_daisy":1},"minecraft:used":{"minecraft:stone_pickaxe":76,"minecraft:wooden_pickaxe":61,"minecraft:stone_axe":85,"minecraft:crafting_table":1,"alexsmobs:animal_dictionary":1}},"DataVersion":3465}