{"stats":{"minecraft:killed_by":{"man:managgresive":2,"minecraft:skeleton":1,"minecraft:zombie":1},"minecraft:custom":{"minecraft:mob_kills":4,"minecraft:animals_bred":2,"minecraft:interact_with_crafting_table":36,"minecraft:leave_game":6,"minecraft:time_since_death":17956,"minecraft:climb_one_cm":2588,"minecraft:sprint_one_cm":175809,"minecraft:walk_one_cm":1150710,"minecraft:drop":26,"minecraft:play_noteblock":1,"minecraft:play_time":388422,"minecraft:deaths":6,"minecraft:sneak_time":261,"minecraft:walk_under_water_one_cm":13,"minecraft:jump":2126,"minecraft:walk_on_water_one_cm":2898,"minecraft:total_world_time":388422,"minecraft:interact_with_furnace":13,"minecraft:sleep_in_bed":3,"minecraft:time_since_rest":16659,"minecraft:damage_taken":2365,"minecraft:damage_dealt":671,"minecraft:fly_one_cm":78027,"minecraft:open_chest":35,"minecraft:crouch_one_cm":1803,"tombstone:undead_killed":1,"minecraft:fall_one_cm":37779,"minecraft:horse_one_cm":886},"minecraft:mined":{"minecraft:spruce_planks":10,"minecraft:white_bed":4,"minecraft:oak_door":1,"minecraft:glow_lichen":1,"minecraft:grass_block":248,"minecraft:soul_soil":18,"minecraft:spruce_leaves":2,"minecraft:mud_bricks":1,"minecraft:crimson_fungus":3,"minecraft:oxeye_daisy":2,"minecraft:large_fern":2,"minecraft:hay_block":1,"minecraft:oak_trapdoor":7,"minecraft:carrots":10,"minecraft:nether_sprouts":8,"minecraft:iron_ore":22,"minecraft:cobbled_deepslate":2,"minecraft:acacia_wood":15,"minecraft:andesite":223,"minecraft:deepslate_lapis_ore":1,"minecraft:stripped_dark_oak_wood":1,"minecraft:azure_bluet":20,"minecraft:potatoes":5,"minecraft:bookshelf":4,"minecraft:pointed_dripstone":1,"minecraft:deepslate_iron_ore":3,"minecraft:shroomlight":1,"minecraft:oak_stairs":8,"minecraft:green_carpet":1,"minecraft:pink_tulip":1,"minecraft:stone":1404,"minecraft:deepslate_redstone_ore":5,"minecraft:acacia_leaves":1,"minecraft:glass_pane":9,"minecraft:dandelion":23,"minecraft:oak_fence":7,"minecraft:torch":1,"minecraft:dark_oak_wood":1,"minecraft:oak_wood":56,"minecraft:calcite":57,"minecraft:warped_roots":31,"minecraft:chest":1,"minecraft:campfire":1,"minecraft:tall_grass":7,"minecraft:copper_ore":62,"minecraft:cobblestone":50,"minecraft:deepslate_coal_ore":3,"minecraft:lapis_ore":4,"minecraft:deepslate_gold_ore":9,"minecraft:potted_acacia_sapling":1,"minecraft:diorite":190,"minecraft:wall_torch":11,"minecraft:deepslate_copper_ore":11,"minecraft:wheat":77,"minecraft:lilac":76,"minecraft:birch_leaves":26,"minecraft:stripped_oak_wood":1,"minecraft:warped_fungus":23,"minecraft:grass":212,"minecraft:oak_log":69,"minecraft:coal_ore":113,"minecraft:beetroots":5,"minecraft:gravel":133,"minecraft:dirt":187,"minecraft:oak_leaves":12,"minecraft:deepslate":468},"minecraft:crafted":{"minecraft:oak_planks":192,"minecraft:stone_shovel":2,"minecraft:tripwire_hook":4,"minecraft:furnace":4,"minecraft:stone_pickaxe":11,"minecraft:chest":1,"minecraft:stone_hoe":1,"minecraft:crossbow":1,"minecraft:crafting_table":4,"minecraft:wooden_pickaxe":2,"minecraft:iron_sword":1,"minecraft:copper_ingot":17,"minecraft:oak_wood":18,"minecraft:stone_axe":5,"minecraft:stick":86,"minecraft:iron_ingot":26,"minecraft:iron_pickaxe":6,"minecraft:wooden_axe":2,"minecraft:iron_shovel":1,"minecraft:torch":60},"minecraft:used":{"minecraft:iron_shovel":47,"minecraft:stone_shovel":286,"minecraft:iron_sword":14,"minecraft:stone_hoe":61,"minecraft:rotten_flesh":7,"minecraft:torch":62,"minecraft:dirt":109,"minecraft:azure_bluet":15,"minecraft:wooden_axe":195,"minecraft:birch_sapling":3,"minecraft:furnace":4,"minecraft:beetroot_seeds":4,"minecraft:cobbled_deepslate":4,"minecraft:wheat_seeds":42,"minecraft:stone_pickaxe":995,"minecraft:baked_potato":3,"minecraft:wooden_pickaxe":120,"minecraft:crafting_table":4,"minecraft:crossbow":4,"minecraft:iron_pickaxe":1761,"tombstone:grave_key":11,"minecraft:gravel":23,"minecraft:lilac":9,"minecraft:stone_axe":95,"minecraft:cobblestone":239,"minecraft:cooked_porkchop":4,"alexsmobs:animal_dictionary":1,"minecraft:dandelion":4},"minecraft:picked_up":{"minecraft:wooden_axe":1,"minecraft:charcoal":2,"minecraft:iron_chestplate":2,"minecraft:wheat":26,"minecraft:azure_bluet":30,"minecraft:flower_pot":1,"minecraft:oak_stairs":6,"minecraft:stone_brick_stairs":1,"minecraft:oak_trapdoor":7,"minecraft:soul_soil":18,"minecraft:raw_copper":240,"minecraft:iron_leggings":1,"minecraft:zombie_head":1,"minecraft:shroomlight":1,"minecraft:beetroot":1,"minecraft:diamond_leggings":1,"minecraft:gold_nugget":3,"minecraft:cobbled_deepslate":220,"minecraft:spruce_planks":10,"minecraft:beef":2,"minecraft:calcite":57,"minecraft:iron_pickaxe":4,"minecraft:poppy":1,"minecraft:chest":1,"minecraft:birch_sapling":3,"minecraft:iron_boots":1,"minecraft:raw_iron":26,"minecraft:oak_door":1,"minecraft:oak_fence":6,"minecraft:torch":14,"minecraft:diorite":101,"minecraft:carrot":9,"minecraft:arrow":12,"minecraft:diamond_chestplate":1,"minecraft:rotten_flesh":7,"minecraft:beetroot_seeds":7,"minecraft:diamond_boots":1,"minecraft:hay_block":2,"minecraft:stripped_dark_oak_wood":1,"minecraft:pink_tulip":1,"minecraft:skeleton_skull":1,"minecraft:cobblestone":1322,"minecraft:oxeye_daisy":2,"minecraft:mossy_cobblestone_slab":1,"minecraft:mud_bricks":1,"minecraft:lilac":52,"minecraft:andesite":166,"minecraft:leather":1,"minecraft:acacia_wood":15,"minecraft:potato":5,"minecraft:flint":20,"minecraft:crimson_fungus":2,"minecraft:oak_log":68,"minecraft:lapis_lazuli":41,"minecraft:dirt":425,"minecraft:lantern":2,"minecraft:bone":2,"minecraft:wheat_seeds":165,"minecraft:raw_gold":9,"minecraft:stone_pickaxe":1,"minecraft:stripped_oak_wood":2,"minecraft:diamond_helmet":1,"minecraft:acacia_sapling":1,"minecraft:book":12,"minecraft:warped_fungus":18,"minecraft:cooked_porkchop":4,"minecraft:dandelion":23,"minecraft:gravel":121,"minecraft:white_bed":4,"minecraft:oak_wood":33,"minecraft:stone_axe":1,"minecraft:iron_helmet":1,"minecraft:crossbow":1,"minecraft:warped_roots":22,"minecraft:baked_potato":3,"minecraft:coal":126,"minecraft:dark_oak_wood":1,"mca:bouquet":1},"minecraft:broken":{"minecraft:wooden_pickaxe":2,"minecraft:stone_pickaxe":7,"minecraft:stone_axe":1,"minecraft:iron_pickaxe":7,"minecraft:wooden_axe":1,"minecraft:stone_shovel":2},"minecraft:killed":{"minecraft:skeleton":1,"minecraft:pig":1,"alexsmobs:crimson_mosquito":1,"minecraft:cow":1},"minecraft:dropped":{"minecraft:oak_log":5,"mca:bouquet":1,"minecraft:iron_helmet":1,"minecraft:cobblestone":389,"minecraft:wooden_axe":1,"minecraft:iron_leggings":1,"minecraft:stripped_oak_wood":2,"minecraft:iron_pickaxe":3,"minecraft:dandelion":5,"minecraft:gravel":29,"tombstone:gift":1,"minecraft:iron_boots":1,"minecraft:hay_block":1,"minecraft:oak_wood":3,"minecraft:iron_chestplate":1}},"DataVersion":3465}