{"stats":{"minecraft:killed_by":{"minecraft:player":2,"minecraft:drowned":1,"man:managgresive":3,"minecraft:skeleton":1,"minecraft:zombie":1},"minecraft:custom":{"minecraft:interact_with_anvil":3,"minecraft:mob_kills":5,"minecraft:animals_bred":2,"minecraft:interact_with_crafting_table":39,"minecraft:leave_game":7,"minecraft:time_since_death":10977,"minecraft:climb_one_cm":5718,"minecraft:sprint_one_cm":272394,"minecraft:walk_one_cm":1473002,"minecraft:drop":39,"minecraft:play_noteblock":1,"minecraft:play_time":472107,"minecraft:sneak_time":335,"minecraft:deaths":11,"minecraft:walk_under_water_one_cm":2385,"minecraft:boat_one_cm":138117,"minecraft:jump":2687,"minecraft:walk_on_water_one_cm":8188,"minecraft:total_world_time":472107,"minecraft:interact_with_furnace":13,"minecraft:sleep_in_bed":9,"minecraft:time_since_rest":10620,"minecraft:damage_taken":4226,"minecraft:damage_dealt":714,"minecraft:fly_one_cm":112958,"minecraft:open_chest":44,"minecraft:crouch_one_cm":2960,"tombstone:undead_killed":2,"minecraft:fall_one_cm":51515,"minecraft:horse_one_cm":886},"minecraft:mined":{"minecraft:spruce_planks":10,"minecraft:white_bed":4,"minecraft:oak_door":2,"minecraft:glow_lichen":1,"minecraft:grass_block":249,"minecraft:soul_soil":18,"minecraft:spruce_leaves":2,"minecraft:mud_bricks":1,"minecraft:crimson_fungus":3,"minecraft:oxeye_daisy":2,"minecraft:large_fern":2,"minecraft:hay_block":1,"minecraft:oak_trapdoor":7,"minecraft:carrots":19,"minecraft:nether_sprouts":8,"minecraft:iron_ore":22,"minecraft:cobbled_deepslate":2,"minecraft:acacia_wood":15,"minecraft:andesite":223,"minecraft:deepslate_lapis_ore":1,"minecraft:stripped_dark_oak_wood":1,"minecraft:azure_bluet":20,"minecraft:bookshelf":4,"minecraft:potatoes":6,"minecraft:pointed_dripstone":1,"minecraft:deepslate_iron_ore":3,"minecraft:shroomlight":1,"minecraft:oak_stairs":8,"minecraft:green_carpet":1,"minecraft:pink_tulip":1,"minecraft:stone":1404,"minecraft:deepslate_redstone_ore":5,"minecraft:acacia_leaves":1,"minecraft:scaffolding":9,"minecraft:glass_pane":9,"minecraft:brown_carpet":2,"minecraft:dandelion":23,"minecraft:oak_fence":7,"minecraft:torch":1,"minecraft:dark_oak_wood":1,"minecraft:oak_wood":65,"minecraft:calcite":57,"minecraft:warped_roots":31,"minecraft:chest":1,"minecraft:campfire":1,"minecraft:copper_ore":62,"minecraft:tall_grass":13,"minecraft:cobblestone":50,"minecraft:deepslate_coal_ore":3,"minecraft:lapis_ore":4,"minecraft:deepslate_gold_ore":9,"minecraft:potted_acacia_sapling":1,"minecraft:oak_planks":29,"minecraft:diorite":190,"minecraft:wall_torch":11,"minecraft:deepslate_copper_ore":11,"minecraft:spruce_stairs":4,"minecraft:wheat":120,"minecraft:lilac":76,"minecraft:white_carpet":2,"minecraft:birch_leaves":26,"minecraft:stripped_oak_wood":1,"minecraft:warped_fungus":23,"minecraft:yellow_bed":2,"minecraft:grass":217,"minecraft:oak_log":73,"minecraft:coal_ore":113,"minecraft:beetroots":6,"minecraft:gravel":133,"minecraft:dirt":187,"minecraft:oak_leaves":13,"minecraft:deepslate":468},"minecraft:crafted":{"minecraft:oak_planks":192,"minecraft:stone_shovel":2,"minecraft:tripwire_hook":4,"minecraft:furnace":4,"minecraft:stone_pickaxe":11,"minecraft:chest":1,"minecraft:stone_hoe":1,"minecraft:crossbow":1,"minecraft:crafting_table":4,"minecraft:wooden_pickaxe":2,"minecraft:iron_sword":1,"minecraft:copper_ingot":17,"minecraft:oak_wood":18,"minecraft:stone_axe":5,"minecraft:stick":86,"minecraft:iron_ingot":26,"minecraft:iron_pickaxe":6,"minecraft:wooden_axe":2,"minecraft:iron_shovel":1,"minecraft:torch":60},"minecraft:used":{"minecraft:iron_shovel":47,"minecraft:stone_shovel":286,"minecraft:iron_sword":21,"minecraft:rotten_flesh":7,"minecraft:stone_hoe":133,"minecraft:torch":62,"minecraft:dirt":109,"minecraft:azure_bluet":15,"minecraft:wooden_axe":208,"minecraft:birch_sapling":3,"minecraft:furnace":4,"minecraft:beetroot_seeds":4,"minecraft:potato":2,"minecraft:cobbled_deepslate":4,"minecraft:wheat_seeds":42,"minecraft:stone_pickaxe":995,"minecraft:baked_potato":7,"minecraft:oak_planks":33,"minecraft:wooden_pickaxe":120,"minecraft:crafting_table":4,"minecraft:crossbow":6,"minecraft:iron_pickaxe":1761,"tombstone:grave_key":15,"minecraft:gravel":23,"minecraft:lilac":9,"minecraft:stone_axe":128,"simpleplanes:large_plane":1,"minecraft:cobblestone":261,"minecraft:cooked_porkchop":4,"alexsmobs:animal_dictionary":1,"minecraft:dandelion":4},"minecraft:picked_up":{"minecraft:wooden_axe":1,"minecraft:charcoal":2,"minecraft:iron_chestplate":2,"minecraft:wheat":61,"minecraft:azure_bluet":30,"minecraft:flower_pot":1,"minecraft:oak_stairs":6,"minecraft:stone_brick_stairs":1,"tombstone:grave_key":1,"minecraft:oak_trapdoor":7,"minecraft:soul_soil":18,"minecraft:raw_copper":240,"minecraft:iron_leggings":1,"minecraft:zombie_head":1,"minecraft:shroomlight":1,"minecraft:beetroot":1,"minecraft:diamond_leggings":1,"minecraft:gold_nugget":3,"minecraft:cobbled_deepslate":220,"minecraft:spruce_planks":10,"minecraft:beef":2,"minecraft:calcite":57,"minecraft:poppy":1,"minecraft:iron_pickaxe":4,"minecraft:chest":1,"minecraft:birch_sapling":3,"minecraft:iron_boots":1,"minecraft:raw_iron":26,"minecraft:oak_door":1,"minecraft:oak_fence":6,"minecraft:torch":14,"minecraft:spruce_stairs":4,"minecraft:diorite":101,"minecraft:carrot":17,"minecraft:diamond_chestplate":1,"minecraft:arrow":12,"minecraft:rotten_flesh":7,"minecraft:beetroot_seeds":8,"minecraft:diamond_boots":1,"minecraft:hay_block":2,"minecraft:stripped_dark_oak_wood":1,"minecraft:pink_tulip":1,"minecraft:skeleton_skull":1,"minecraft:cobblestone":1322,"minecraft:oxeye_daisy":2,"minecraft:mossy_cobblestone_slab":1,"minecraft:mud_bricks":1,"minecraft:lilac":52,"minecraft:andesite":166,"minecraft:leather":1,"minecraft:acacia_wood":15,"minecraft:potato":6,"minecraft:flint":20,"minecraft:crimson_fungus":2,"minecraft:oak_log":78,"minecraft:yellow_bed":3,"minecraft:lapis_lazuli":41,"minecraft:dirt":465,"minecraft:lantern":2,"minecraft:bone":2,"minecraft:wheat_seeds":186,"minecraft:raw_gold":9,"minecraft:stone_pickaxe":1,"minecraft:stripped_oak_wood":2,"minecraft:diamond_helmet":1,"minecraft:acacia_sapling":1,"minecraft:oak_planks":31,"minecraft:book":12,"minecraft:warped_fungus":18,"minecraft:cooked_porkchop":4,"minecraft:dandelion":23,"minecraft:gravel":121,"minecraft:white_bed":4,"minecraft:oak_wood":33,"minecraft:stone_axe":1,"minecraft:iron_helmet":1,"minecraft:crossbow":1,"simpleplanes:large_plane":1,"minecraft:warped_roots":22,"minecraft:baked_potato":7,"minecraft:dark_oak_wood":1,"minecraft:coal":126,"mca:bouquet":1},"minecraft:broken":{"minecraft:wooden_pickaxe":2,"minecraft:stone_pickaxe":7,"minecraft:stone_axe":1,"minecraft:iron_pickaxe":7,"minecraft:wooden_axe":1,"minecraft:stone_shovel":2},"minecraft:killed":{"minecraft:skeleton":1,"minecraft:drowned":1,"minecraft:pig":1,"alexsmobs:crimson_mosquito":1,"minecraft:cow":1},"minecraft:dropped":{"minecraft:oak_log":20,"mca:bouquet":1,"minecraft:iron_helmet":1,"minecraft:cobblestone":389,"minecraft:spruce_stairs":3,"minecraft:dirt":30,"tombstone:grave_key":1,"minecraft:wooden_axe":1,"minecraft:iron_leggings":1,"minecraft:iron_pickaxe":3,"minecraft:stripped_oak_wood":2,"minecraft:dandelion":5,"minecraft:gravel":34,"tombstone:gift":1,"minecraft:iron_boots":1,"minecraft:hay_block":1,"minecraft:oak_wood":5,"minecraft:iron_chestplate":1,"minecraft:yellow_bed":2}},"DataVersion":3465}