{"stats":{"minecraft:killed_by":{"man:managgresive":1,"minecraft:skeleton":1},"minecraft:custom":{"minecraft:time_since_rest":8716,"minecraft:sprint_one_cm":8020,"minecraft:damage_taken":510,"minecraft:walk_one_cm":117439,"minecraft:mob_kills":2,"minecraft:damage_dealt":174,"minecraft:fly_one_cm":2085,"minecraft:crouch_one_cm":91,"minecraft:play_time":36230,"minecraft:deaths":2,"minecraft:sneak_time":11,"minecraft:jump":114,"minecraft:time_since_death":10514,"minecraft:total_world_time":36230,"minecraft:climb_one_cm":1001,"minecraft:fall_one_cm":1045},"minecraft:mined":{"minecraft:large_fern":2,"minecraft:hay_block":1,"minecraft:oak_trapdoor":6,"minecraft:white_bed":4,"minecraft:glass_pane":9,"minecraft:oak_door":1,"minecraft:oak_fence":7,"minecraft:azure_bluet":1,"minecraft:grass":34,"minecraft:oak_wood":54,"minecraft:bookshelf":4,"minecraft:oak_log":32,"minecraft:chest":1,"minecraft:oak_stairs":7,"minecraft:campfire":1,"minecraft:tall_grass":4,"minecraft:potted_acacia_sapling":1,"minecraft:oak_leaves":10,"minecraft:oxeye_daisy":1,"minecraft:wall_torch":2},"minecraft:broken":{"minecraft:stone_axe":1},"minecraft:crafted":{"minecraft:oak_planks":96,"minecraft:oak_wood":12},"minecraft:killed":{"minecraft:pig":1,"minecraft:cow":1},"minecraft:picked_up":{"minecraft:book":12,"minecraft:charcoal":2,"minecraft:iron_chestplate":1,"minecraft:mossy_cobblestone_slab":1,"minecraft:oak_door":1,"minecraft:flower_pot":1,"minecraft:leather":1,"minecraft:oak_fence":6,"minecraft:torch":2,"minecraft:oak_stairs":5,"minecraft:oak_log":31,"minecraft:white_bed":4,"minecraft:oak_trapdoor":6,"minecraft:lantern":2,"minecraft:iron_leggings":1,"minecraft:oak_wood":28,"minecraft:stone_axe":1,"minecraft:wheat_seeds":2,"minecraft:iron_helmet":1,"minecraft:hay_block":1,"minecraft:beef":2,"minecraft:poppy":1,"minecraft:chest":1,"minecraft:acacia_sapling":1,"minecraft:iron_boots":1,"minecraft:oxeye_daisy":1},"minecraft:used":{"minecraft:stone_axe":85,"alexsmobs:animal_dictionary":1}},"DataVersion":3465}